hash,p,nP,nQ,n,max_total_degree,method,n_enum,verdict,count,truncated,n_degenerate,n_nondegenerate,n_sampled,n_verify_fail,tear_nonempty,tear_empty,tear_other,wall_s,note
f4c533396b1c,2,5,6,11,153,exhaustive-bilinear,16,EMPTY,0,False,,,,,,,,0.0,
f4c533396b1c,3,5,6,11,153,exhaustive-bilinear,81,NONEMPTY,6,False,2,4,4,0,0,0,4,0.06,
2e4c72090e2e,2,6,6,12,153,exhaustive-bilinear,32,NONEMPTY,44,False,2,42,8,0,0,0,8,0.01,
2e4c72090e2e,3,6,6,12,153,exhaustive-bilinear,243,NONEMPTY,70,False,6,64,8,0,0,0,8,0.06,
cf4ee5f59b92,2,6,6,12,153,exhaustive-bilinear,32,NONEMPTY,16,False,1,15,8,0,0,0,8,0.03,
cf4ee5f59b92,3,6,6,12,153,exhaustive-bilinear,243,NONEMPTY,10,False,6,4,4,0,0,0,4,0.11,
d42d069ab871,2,6,7,13,147,exhaustive-bilinear,32,NONEMPTY,28,False,0,28,8,0,0,0,8,0.01,
d42d069ab871,3,6,7,13,147,exhaustive-bilinear,243,EMPTY,0,False,,,,,,,,0.01,
71ac15ff1c37,2,6,6,12,148,exhaustive-bilinear,32,NONEMPTY,32,False,1,31,8,0,0,0,8,0.02,
71ac15ff1c37,3,6,6,12,148,exhaustive-bilinear,243,NONEMPTY,18,False,2,16,8,0,0,0,8,0.06,
42b4233a6437,2,8,5,13,154,exhaustive-bilinear,16,NONEMPTY,16,False,2,14,8,0,0,0,8,0.01,
42b4233a6437,3,8,5,13,154,exhaustive-bilinear,81,NONEMPTY,486,False,2,484,8,0,0,0,8,0.14,
e66454742942,2,7,6,13,138,exhaustive-bilinear,32,NONEMPTY,24,False,1,23,8,0,0,0,8,0.01,
e66454742942,3,7,6,13,138,exhaustive-bilinear,243,NONEMPTY,6,False,6,0,0,0,0,0,0,0.03,
56b7dae5d4ab,2,5,5,10,156,exhaustive-bilinear,16,EMPTY,0,False,,,,,,,,0.0,
56b7dae5d4ab,3,5,5,10,156,exhaustive-bilinear,81,NONEMPTY,6,False,2,4,4,0,0,0,4,0.01,
b42e4046989d,2,6,8,14,157,exhaustive-bilinear,32,NONEMPTY,12,False,4,8,8,0,0,0,8,0.01,
b42e4046989d,3,6,8,14,157,exhaustive-bilinear,243,EMPTY,0,False,,,,,,,,0.01,
fd12cbe4b429,2,6,5,11,148,exhaustive-bilinear,16,EMPTY,0,False,,,,,,,,0.0,
fd12cbe4b429,3,6,5,11,148,exhaustive-bilinear,81,EMPTY,0,False,,,,,,,,0.0,
0d4f9a0d7f81,2,6,5,11,148,exhaustive-bilinear,16,NONEMPTY,4,False,2,2,2,0,0,0,2,0.0,
0d4f9a0d7f81,3,6,5,11,148,exhaustive-bilinear,81,EMPTY,0,False,,,,,,,,0.0,
492665aa006d,2,8,6,14,146,exhaustive-bilinear,32,NONEMPTY,64,False,12,52,8,0,0,0,8,0.01,
492665aa006d,3,8,6,14,146,exhaustive-bilinear,243,NONEMPTY,18,False,0,18,8,0,0,0,8,0.03,
77aa218f7917,2,6,8,14,154,exhaustive-bilinear,32,NONEMPTY,256,False,8,248,8,0,0,0,8,0.02,
77aa218f7917,3,6,8,14,154,exhaustive-bilinear,243,NONEMPTY,54,False,18,36,8,0,0,0,8,0.07,
c7ba7509d0b2,2,7,5,12,159,exhaustive-bilinear,16,NONEMPTY,4,False,1,3,3,0,0,0,3,0.0,
c7ba7509d0b2,3,7,5,12,159,exhaustive-bilinear,81,NONEMPTY,6,False,0,6,6,0,0,0,6,0.0,
2685778ac045,2,7,7,14,158,exhaustive-bilinear,64,NONEMPTY,36,False,16,20,8,0,0,0,8,0.05,
2685778ac045,3,7,7,14,158,exhaustive-bilinear,729,NONEMPTY,66,False,18,48,8,0,0,0,8,0.12,
6703cbfe5fe4,2,6,8,14,158,exhaustive-bilinear,32,NONEMPTY,8,False,3,5,5,0,0,0,5,0.02,
6703cbfe5fe4,3,6,8,14,158,exhaustive-bilinear,243,NONEMPTY,54,False,18,36,8,0,0,0,8,0.34,
efae6ba71cb6,2,7,7,14,160,exhaustive-bilinear,64,NONEMPTY,640,False,2,638,8,0,0,0,8,0.03,
efae6ba71cb6,3,7,7,14,160,exhaustive-bilinear,729,NONEMPTY,162,False,6,156,8,0,0,0,8,0.11,
0f2efd22ee8f,2,7,5,12,159,exhaustive-bilinear,16,NONEMPTY,16,False,1,15,8,0,0,0,8,0.01,
0f2efd22ee8f,3,7,5,12,159,exhaustive-bilinear,81,NONEMPTY,6,False,2,4,4,0,0,0,4,0.01,
e07f72fc152b,2,8,7,15,153,exhaustive-bilinear,64,NONEMPTY,48,False,4,44,8,0,0,0,8,0.03,
e07f72fc152b,3,8,7,15,153,exhaustive-bilinear,729,NONEMPTY,1458,False,18,1440,8,0,0,0,8,0.2,
a0c736f067a4,2,6,7,13,160,exhaustive-bilinear,32,NONEMPTY,20,False,2,18,8,0,0,0,8,0.01,
a0c736f067a4,3,6,7,13,160,exhaustive-bilinear,243,NONEMPTY,486,False,6,480,8,0,0,0,8,0.03,
abda1496949e,2,8,7,15,158,exhaustive-bilinear,64,NONEMPTY,56,False,2,54,8,0,0,0,8,0.02,
abda1496949e,3,8,7,15,158,exhaustive-bilinear,729,NONEMPTY,162,False,0,162,8,0,0,0,8,0.18,
e600e2184b1d,2,8,8,16,159,exhaustive-bilinear,128,NONEMPTY,32,False,2,30,8,0,0,0,8,0.03,
e600e2184b1d,3,8,8,16,159,exhaustive-bilinear,2187,NONEMPTY,102,False,6,96,8,0,0,0,8,0.6,
405a469bffcf,2,6,6,12,152,exhaustive-bilinear,32,NONEMPTY,40,False,5,35,8,0,0,0,8,0.01,
405a469bffcf,3,6,6,12,152,exhaustive-bilinear,243,NONEMPTY,198,False,66,132,8,0,0,0,8,0.06,
21bd08557217,2,8,7,15,145,exhaustive-bilinear,64,NONEMPTY,32,False,0,32,8,0,0,1,7,0.01,
21bd08557217,3,8,7,15,145,exhaustive-bilinear,729,NONEMPTY,4374,False,0,4374,8,0,0,1,7,0.12,
247c36e19dc3,2,7,6,13,153,exhaustive-bilinear,32,NONEMPTY,12,False,2,10,8,0,0,1,7,0.01,
247c36e19dc3,3,7,6,13,153,exhaustive-bilinear,243,EMPTY,0,False,,,,,,,,0.0,
4f8445c930b0,2,7,5,12,139,exhaustive-bilinear,16,NONEMPTY,16,False,1,15,8,0,0,0,8,6.32,
4f8445c930b0,3,7,5,12,139,exhaustive-bilinear,81,NONEMPTY,18,False,2,16,8,0,0,0,8,0.02,
3aa3f2d1cd2f,2,7,5,12,154,exhaustive-bilinear,16,NONEMPTY,64,False,4,60,8,0,0,0,8,0.01,
3aa3f2d1cd2f,3,7,5,12,154,exhaustive-bilinear,81,NONEMPTY,2,False,0,2,2,0,0,0,2,0.01,
efcc92f30ccf,2,7,8,15,160,exhaustive-bilinear,64,NONEMPTY,32,False,2,30,8,0,0,0,8,0.02,
efcc92f30ccf,3,7,8,15,160,exhaustive-bilinear,729,NONEMPTY,6,False,2,4,4,0,0,0,4,0.1,
1d1a31e7ba9c,2,8,7,15,159,exhaustive-bilinear,64,NONEMPTY,8,False,4,4,4,0,0,0,4,0.02,
1d1a31e7ba9c,3,8,7,15,159,exhaustive-bilinear,729,NONEMPTY,270,False,18,252,8,0,0,0,8,0.28,
6b14a35869e1,2,5,6,11,131,exhaustive-bilinear,16,NONEMPTY,8,False,4,4,4,0,0,0,4,0.02,
6b14a35869e1,3,5,6,11,131,exhaustive-bilinear,81,EMPTY,0,False,,,,,,,,0.0,
38e6cb1f6a94,2,8,7,15,143,exhaustive-bilinear,64,NONEMPTY,8,False,0,8,8,0,0,0,8,0.01,
38e6cb1f6a94,3,8,7,15,143,exhaustive-bilinear,729,EMPTY,0,False,,,,,,,,0.03,
ba6b62170c52,2,6,6,12,153,exhaustive-bilinear,32,NONEMPTY,4,False,0,4,4,0,0,0,4,0.0,
ba6b62170c52,3,6,6,12,153,exhaustive-bilinear,243,NONEMPTY,1566,False,18,1548,8,0,0,0,8,1.7,
6b2a44111074,2,5,8,13,144,exhaustive-bilinear,16,NONEMPTY,8,False,2,6,6,0,0,0,6,0.01,
6b2a44111074,3,5,8,13,144,exhaustive-bilinear,81,EMPTY,0,False,,,,,,,,0.0,
62fc1a178b8f,2,7,7,14,160,exhaustive-bilinear,64,NONEMPTY,32,False,1,31,8,0,0,0,8,0.02,
62fc1a178b8f,3,7,7,14,160,exhaustive-bilinear,729,EMPTY,0,False,,,,,,,,0.02,
c44d9d649a23,2,6,5,11,159,exhaustive-bilinear,16,NONEMPTY,16,False,1,15,8,0,0,0,8,0.01,
c44d9d649a23,3,6,5,11,159,exhaustive-bilinear,81,NONEMPTY,6,False,6,0,0,0,0,0,0,0.0,
2db81810e7ad,2,8,8,16,157,exhaustive-bilinear,128,NONEMPTY,24,False,2,22,8,0,0,0,8,0.02,
2db81810e7ad,3,8,8,16,157,exhaustive-bilinear,2187,NONEMPTY,630,False,22,608,8,0,0,0,8,0.34,
b8cb03dd9688,2,8,5,13,148,exhaustive-bilinear,16,NONEMPTY,64,False,1,63,8,0,0,0,8,0.0,
b8cb03dd9688,3,8,5,13,148,exhaustive-bilinear,81,NONEMPTY,486,False,0,486,8,0,0,0,8,0.01,
c37a1c94c6f2,2,7,7,14,154,exhaustive-bilinear,64,NONEMPTY,160,False,5,155,8,0,0,0,8,0.01,
c37a1c94c6f2,3,7,7,14,154,exhaustive-bilinear,729,NONEMPTY,522,False,22,500,8,0,0,0,8,0.05,
168b6eb04780,2,7,7,14,140,exhaustive-bilinear,64,EMPTY,0,False,,,,,,,,0.0,
168b6eb04780,3,7,7,14,140,exhaustive-bilinear,729,EMPTY,0,False,,,,,,,,0.02,
cdcf3cc59c58,2,5,8,13,141,exhaustive-bilinear,16,NONEMPTY,8,False,2,6,6,0,0,0,6,0.0,
cdcf3cc59c58,3,5,8,13,141,exhaustive-bilinear,81,EMPTY,0,False,,,,,,,,0.0,
70aab4481767,2,8,7,15,149,exhaustive-bilinear,64,NONEMPTY,16,False,2,14,8,0,0,0,8,0.01,
70aab4481767,3,8,7,15,149,exhaustive-bilinear,729,NONEMPTY,18,False,2,16,8,0,0,0,8,0.12,
5b6a8c32ede8,2,6,7,13,155,exhaustive-bilinear,32,NONEMPTY,20,False,8,12,8,0,0,0,8,0.02,
5b6a8c32ede8,3,6,7,13,155,exhaustive-bilinear,243,EMPTY,0,False,,,,,,,,0.01,
ad2397183dda,2,8,7,15,159,exhaustive-bilinear,64,NONEMPTY,256,False,5,251,8,0,0,0,8,0.02,
ad2397183dda,3,8,7,15,159,exhaustive-bilinear,729,NONEMPTY,54,False,2,52,8,0,0,0,8,0.06,
1751cd1e2604,2,5,5,10,158,exhaustive-bilinear,16,EMPTY,0,False,,,,,,,,0.0,
1751cd1e2604,3,5,5,10,158,exhaustive-bilinear,81,NONEMPTY,18,False,18,0,0,0,0,0,0,0.0,
41fcb750b183,2,5,8,13,160,exhaustive-bilinear,16,NONEMPTY,40,False,4,36,8,0,0,0,8,0.01,
41fcb750b183,3,5,8,13,160,exhaustive-bilinear,81,NONEMPTY,306,False,18,288,8,0,0,0,8,0.02,
6936b7b54b0c,2,5,7,12,159,exhaustive-bilinear,16,NONEMPTY,4,False,2,2,2,0,0,0,2,0.01,
6936b7b54b0c,3,5,7,12,159,exhaustive-bilinear,81,NONEMPTY,6,False,6,0,0,0,0,0,0,0.02,
3b714329e68e,2,6,8,14,154,exhaustive-bilinear,32,NONEMPTY,8,False,1,7,7,0,0,0,7,0.01,
3b714329e68e,3,6,8,14,154,exhaustive-bilinear,243,NONEMPTY,2,False,2,0,0,0,0,0,0,0.02,
ef38fc7d5f53,2,6,8,14,160,exhaustive-bilinear,32,NONEMPTY,64,False,18,46,8,0,0,1,7,0.01,
ef38fc7d5f53,3,6,8,14,160,exhaustive-bilinear,243,NONEMPTY,102,False,18,84,8,0,0,1,7,0.05,
597332c0312f,2,8,8,16,152,exhaustive-bilinear,128,NONEMPTY,44,False,16,28,8,0,0,0,8,0.03,
597332c0312f,3,8,8,16,152,exhaustive-bilinear,2187,EMPTY,0,False,,,,,,,,0.13,
2e2bde3ebbe3,2,6,7,13,154,exhaustive-bilinear,32,NONEMPTY,40,False,4,36,8,0,0,0,8,0.01,
2e2bde3ebbe3,3,6,7,13,154,exhaustive-bilinear,243,EMPTY,0,False,,,,,,,,0.01,
13512b945a96,2,6,8,14,151,exhaustive-bilinear,32,NONEMPTY,4,False,0,4,4,0,0,0,4,0.06,
13512b945a96,3,6,8,14,151,exhaustive-bilinear,243,NONEMPTY,6,False,2,4,4,0,0,0,4,0.06,
0ba45c61d577,2,8,8,16,148,exhaustive-bilinear,128,NONEMPTY,56,False,0,56,8,0,0,1,7,0.04,
0ba45c61d577,3,8,8,16,148,exhaustive-bilinear,2187,NONEMPTY,954,False,0,954,8,0,0,1,7,0.45,
1a08a6ed5b29,2,7,6,13,139,exhaustive-bilinear,32,EMPTY,0,False,,,,,,,,0.0,
1a08a6ed5b29,3,7,6,13,139,exhaustive-bilinear,243,NONEMPTY,6,False,2,4,4,0,0,0,4,0.02,
60891c73f760,2,6,5,11,158,exhaustive-bilinear,16,NONEMPTY,8,False,1,7,7,0,0,0,7,0.0,
60891c73f760,3,6,5,11,158,exhaustive-bilinear,81,EMPTY,0,False,,,,,,,,0.0,
73eb82dc7fc5,2,6,5,11,159,exhaustive-bilinear,16,NONEMPTY,4,False,2,2,2,0,0,0,2,0.01,
73eb82dc7fc5,3,6,5,11,159,exhaustive-bilinear,81,NONEMPTY,54,False,6,48,8,0,0,0,8,0.01,
b6ef2dcad17f,2,7,5,12,155,exhaustive-bilinear,16,EMPTY,0,False,,,,,,,,0.0,
b6ef2dcad17f,3,7,5,12,155,exhaustive-bilinear,81,EMPTY,0,False,,,,,,,,0.0,
bd0279288432,2,5,6,11,143,exhaustive-bilinear,16,NONEMPTY,3,False,1,2,2,0,0,0,2,0.01,
bd0279288432,3,5,6,11,143,exhaustive-bilinear,81,EMPTY,0,False,,,,,,,,0.0,
059ba1a7ab65,2,6,7,13,159,exhaustive-bilinear,32,NONEMPTY,18,False,4,14,8,0,0,0,8,0.03,
059ba1a7ab65,3,6,7,13,159,exhaustive-bilinear,243,EMPTY,0,False,,,,,,,,0.01,
92153ee43036,2,6,5,11,155,exhaustive-bilinear,16,NONEMPTY,8,False,0,8,8,0,0,0,8,0.0,
92153ee43036,3,6,5,11,155,exhaustive-bilinear,81,NONEMPTY,2,False,0,2,2,0,0,0,2,0.0,
fb644eab941d,2,7,7,14,155,exhaustive-bilinear,64,NONEMPTY,32,False,4,28,8,0,0,0,8,0.05,
fb644eab941d,3,7,7,14,155,exhaustive-bilinear,729,NONEMPTY,30,False,6,24,8,0,0,0,8,0.07,
