hash,p,family,exact_count,enumerated,truncated,n_degenerate,n_nondegenerate,n_sampled,n_verify_fail,tear_nonempty,tear_empty,tear_other,climb_p2,climb_p3,wall_s
2233714736b1,3,F1,6,6,False,2,4,4,0,4,0,0,0,0,0.164
2502b9e73234,3,F1,6,6,False,2,4,4,0,4,0,0,0,0,0.272
252ffcaec0dc,3,F1,18,18,False,2,16,8,0,6,2,0,0,0,1.465
256160fa7869,3,F1,18,18,False,2,16,8,0,2,6,0,0,0,0.264
259628a82525,3,F1,6,6,False,2,4,4,0,4,0,0,0,0,0.085
2b796756e70e,3,F1,6,6,False,2,4,4,0,4,0,0,0,0,0.028
2d2aa5cc2c2b,3,F1,6,6,False,2,4,4,0,4,0,0,0,0,0.291
2fe25ce97e16,3,F1,6,6,False,2,4,4,0,4,0,0,0,0,0.286
3466651b7933,3,F1,6,6,False,2,4,4,0,4,0,0,0,0,0.17
36b363c5d338,3,F1,54,54,False,2,52,8,0,6,2,0,0,0,1.576
3701df70a4c6,3,F1,6,6,False,2,4,4,0,4,0,0,0,0,0.164
37d026a3f454,3,F1,6,6,False,2,4,4,0,4,0,0,0,0,0.28
3a462f086bc8,3,F1,6,6,False,2,4,4,0,4,0,0,0,0,0.028
3c83b2249e9e,3,F1,6,6,False,2,4,4,0,4,0,0,0,0,0.031
3ff4a5cfa03a,3,F1,6,6,False,2,4,4,0,4,0,0,0,0,0.034
45524bbafcf3,3,F1,6,6,False,2,4,4,0,4,0,0,0,0,0.279
4c3477e661c3,3,F1,18,18,False,2,16,8,0,6,2,0,0,0,1.403
62ae252462a0,3,F1,6,6,False,2,4,4,0,4,0,0,0,0,0.165
657d5fa4674b,3,F1,6,6,False,2,4,4,0,4,0,0,0,0,0.288
6779fa13c73b,3,F1,6,6,False,2,4,4,0,4,0,0,0,0,0.033
7e0198822fc7,3,F1,6,6,False,2,4,4,0,4,0,0,0,0,0.155
7e4796f4c566,3,F1,18,18,False,2,16,8,0,2,6,0,0,0,0.263
834c9fbb2cb6,3,F1,6,6,False,2,4,4,0,4,0,0,0,0,0.031
8901d655197b,3,F1,6,6,False,2,4,4,0,4,0,0,0,0,0.266
890d624fc092,3,F1,6,6,False,2,4,4,0,4,0,0,0,0,0.083
8f226eff8ce2,3,F1,6,6,False,2,4,4,0,4,0,0,0,0,0.154
95c7504f17ba,3,F1,6,6,False,2,4,4,0,4,0,0,0,0,0.152
98a344a40c46,3,F1,6,6,False,2,4,4,0,4,0,0,0,0,0.263
9c000ef06185,3,F1,6,6,False,2,4,4,0,4,0,0,0,0,0.03
a38c29f79dc6,3,F1,6,6,False,2,4,4,0,4,0,0,0,0,0.102
a8d22115f3ba,3,F1,6,6,False,2,4,4,0,4,0,0,0,0,0.16
ac113201632b,3,F1,18,18,False,2,16,8,0,2,6,0,0,0,0.254
b645ef7c7799,3,F1,6,6,False,2,4,4,0,4,0,0,0,0,0.271
c4e04f0b8458,3,F1,54,54,False,2,52,8,0,2,6,0,0,0,0.254
c6800554d84e,3,F1,6,6,False,2,4,4,0,4,0,0,0,0,0.029
cde9bae36ca2,3,F1,6,6,False,2,4,4,0,4,0,0,0,0,0.03
d97ba410c993,3,F1,18,18,False,2,16,8,0,4,4,0,0,0,0.205
dc4677e49b11,3,F1,6,6,False,2,4,4,0,4,0,0,0,0,0.148
dd6a5719ffd1,3,F1,6,6,False,2,4,4,0,4,0,0,0,0,0.028
dd947da35ab1,3,F1,6,6,False,2,4,4,0,4,0,0,0,0,0.281
dffcf4fa9919,3,F1,6,6,False,2,4,4,0,4,0,0,0,0,0.164
e3039380da31,3,F1,6,6,False,2,4,4,0,4,0,0,0,0,0.032
e6f1c8b0e432,3,F1,6,6,False,2,4,4,0,4,0,0,0,0,0.279
e7ba72847d72,3,F1,18,18,False,2,16,8,0,6,2,0,0,0,1.415
e8aa3202a3c4,3,F1,6,6,False,2,4,4,0,4,0,0,0,0,0.155
ef5fccd7e68e,3,F1,6,6,False,2,4,4,0,4,0,0,0,0,0.145
f7623fcff33a,3,F1,6,6,False,2,4,4,0,4,0,0,0,0,0.027
f77771acc849,3,F1,6,6,False,2,4,4,0,4,0,0,0,0,0.254
055be573bd91,3,F2,6,6,False,2,4,4,0,0,4,0,0,0,0.004
103bcf85656e,3,F2,90,90,False,6,84,8,0,6,0,2,0,0,0.048
184a36732588,3,F2,6,6,False,2,4,4,0,4,0,0,0,0,0.076
1c4afff29879,3,F2,6,6,False,2,4,4,0,4,0,0,0,0,0.005
3ee4c514dba8,3,F2,18,18,False,6,12,8,0,0,8,0,3,0,0.013
4ed4abb6f5df,3,F2,18,18,False,6,12,8,0,3,5,0,0,0,0.004
50d74a6392e0,3,F2,6,6,False,2,4,4,0,4,0,0,0,0,0.008
5c3431006361,3,F2,6,6,False,2,4,4,0,0,4,0,0,0,0.022
63a5b7380560,3,F2,6,6,False,6,0,0,0,0,0,0,0,0,0.004
94f4a927090a,3,F2,6,6,False,2,4,4,0,4,0,0,0,0,0.05
9fad1aac9556,3,F2,6,6,False,2,4,4,0,2,0,2,0,0,0.003
add129cbe0b0,3,F2,18,18,False,18,0,0,0,0,0,0,0,0,0.002
b37aca2806c4,3,F2,2,2,False,2,0,0,0,0,0,0,0,0,0.001
c764f008a1a1,3,F2,22,22,False,6,16,8,0,4,4,0,2,0,0.129
c7b43e743d8a,3,F2,6,6,False,2,4,4,0,4,0,0,0,0,0.006
cf8c7ed97c0c,3,F2,18,18,False,0,18,8,0,3,5,0,1,0,0.005
da1b7d3a7bae,3,F2,6,6,False,0,6,6,0,0,6,0,0,0,0.042
fdbe9b012f66,3,F2,54,54,False,0,54,8,0,0,8,0,0,0,0.021
fe83eaadbfe7,3,F2,6,6,False,2,4,4,0,0,4,0,0,0,0.005
08dad216f66c,5,F1,20,20,False,4,16,8,0,0,0,8,0,0,0.006
10836050b6cb,5,F1,4,4,False,4,0,0,0,0,0,0,0,0,0.002
18823ce1c73c,5,F1,4,4,False,4,0,0,0,0,0,0,0,0,0.002
3460150a303f,5,F1,4,4,False,4,0,0,0,0,0,0,0,0,0.002
3b98528156a2,5,F1,4,4,False,4,0,0,0,0,0,0,0,0,0.002
3d1b2e488e38,5,F1,4,4,False,4,0,0,0,0,0,0,0,0,0.002
4156a949507a,5,F1,4,4,False,4,0,0,0,0,0,0,0,0,0.002
43c03e2b8c89,5,F1,100,100,False,4,96,8,0,0,0,8,0,0,0.022
465ef6e09193,5,F1,4,4,False,4,0,0,0,0,0,0,0,0,0.002
4d2a10371a04,5,F1,20,20,False,4,16,8,0,0,0,8,0,0,0.006
4d7fe0d69c7b,5,F1,4,4,False,4,0,0,0,0,0,0,0,0,0.002
5013abbf0643,5,F1,4,4,False,4,0,0,0,0,0,0,0,0,0.002
514847a7dc5e,5,F1,4,4,False,4,0,0,0,0,0,0,0,0,0.002
54feacdde85c,5,F1,4,4,False,4,0,0,0,0,0,0,0,0,0.002
5acb1ad51d60,5,F1,20,20,False,4,16,8,0,0,0,8,0,0,0.005
5e81c8e60d23,5,F1,4,4,False,4,0,0,0,0,0,0,0,0,0.002
64e98d00aedd,5,F1,20,20,False,4,16,8,0,0,0,8,0,0,0.006
6a6eab90b4c2,5,F1,4,4,False,4,0,0,0,0,0,0,0,0,0.002
7075ce533600,5,F1,4,4,False,4,0,0,0,0,0,0,0,0,0.002
71a226276f0d,5,F1,4,4,False,4,0,0,0,0,0,0,0,0,0.002
757902e9b533,5,F1,4,4,False,4,0,0,0,0,0,0,0,0,0.002
76642d494458,5,F1,4,4,False,4,0,0,0,0,0,0,0,0,0.002
786a62b8b566,5,F1,4,4,False,4,0,0,0,0,0,0,0,0,0.002
7d613da6d71d,5,F1,4,4,False,4,0,0,0,0,0,0,0,0,0.002
80f9feccc1c0,5,F1,4,4,False,4,0,0,0,0,0,0,0,0,0.002
8e1851219252,5,F1,4,4,False,4,0,0,0,0,0,0,0,0,0.002
a74cf191754c,5,F1,4,4,False,4,0,0,0,0,0,0,0,0,0.002
a78e9d1bd8d0,5,F1,4,4,False,4,0,0,0,0,0,0,0,0,0.002
a95eab114ef2,5,F1,4,4,False,4,0,0,0,0,0,0,0,0,0.002
aa95f9fc067d,5,F1,4,4,False,4,0,0,0,0,0,0,0,0,0.002
acb7c142125e,5,F1,4,4,False,4,0,0,0,0,0,0,0,0,0.002
ad8cdc9b222b,5,F1,4,4,False,4,0,0,0,0,0,0,0,0,0.002
ba234df4fadd,5,F1,4,4,False,4,0,0,0,0,0,0,0,0,0.001
bc7dd0626cdc,5,F1,4,4,False,4,0,0,0,0,0,0,0,0,0.001
bfe5593170a8,5,F1,4,4,False,4,0,0,0,0,0,0,0,0,0.001
c01f88537d4e,5,F1,4,4,False,4,0,0,0,0,0,0,0,0,0.002
c66bb3dd2511,5,F1,4,4,False,4,0,0,0,0,0,0,0,0,0.002
c9d3601adaee,5,F1,4,4,False,4,0,0,0,0,0,0,0,0,0.002
d1c7c58bebc3,5,F1,4,4,False,4,0,0,0,0,0,0,0,0,0.001
d989c0da528f,5,F1,4,4,False,4,0,0,0,0,0,0,0,0,0.002
de496852f114,5,F1,4,4,False,4,0,0,0,0,0,0,0,0,0.002
e18ae5604010,5,F1,20,20,False,4,16,8,0,0,0,8,0,0,0.006
e243d8314ab2,5,F1,4,4,False,4,0,0,0,0,0,0,0,0,0.002
eeb784d4229a,5,F1,4,4,False,4,0,0,0,0,0,0,0,0,0.002
f58e5b6a2921,5,F1,4,4,False,4,0,0,0,0,0,0,0,0,0.002
f5f0ffd22a60,5,F1,4,4,False,4,0,0,0,0,0,0,0,0,0.002
f738706638ec,5,F1,4,4,False,4,0,0,0,0,0,0,0,0,0.002
f8a0dc660ea1,5,F1,4,4,False,4,0,0,0,0,0,0,0,0,0.001
07ccf125df55,5,F2,4,4,False,0,4,4,0,0,4,0,0,0,0.009
0c39fd58cc38,5,F2,100,100,False,100,0,0,0,0,0,0,0,0,0.003
1af6104190e1,5,F2,4,4,False,0,4,4,0,0,4,0,0,0,0.183
4592ed40ca1a,5,F2,4,4,False,4,0,0,0,0,0,0,0,0,0.002
4954a5b16681,5,F2,4,4,False,4,0,0,0,0,0,0,0,0,0.01
6c5a7dd8e3e9,5,F2,36,36,False,4,32,8,0,8,0,0,0,0,0.015
6ff8cb2b27c6,5,F2,20,20,False,0,20,8,0,0,8,0,0,0,0.017
7c3d2c44edcd,5,F2,4,4,False,4,0,0,0,0,0,0,0,0,0.012
8644d0d2ff49,5,F2,20,20,False,4,16,8,0,0,0,8,0,0,1.174
a8c16dbfcb13,5,F2,20,20,False,4,16,8,0,0,0,8,0,0,0.085
c8e9bc64efef,5,F2,20,20,False,4,16,8,0,0,8,0,0,0,0.602
de782674ebfe,5,F2,20,20,False,0,20,8,0,0,8,0,0,0,0.013
e3ff048903ae,5,F2,20,20,False,0,20,8,0,0,8,0,2,0,0.183
f12de1fb0940,5,F2,100,100,False,20,80,8,0,8,0,0,0,0,0.201
fab4c9b601cb,5,F2,4,4,False,0,4,4,0,0,4,0,0,0,0.003
0013aa8eb371,7,F1,6,6,False,6,0,0,0,0,0,0,0,0,0.004
07b24552fdc3,7,F1,6,6,False,6,0,0,0,0,0,0,0,0,0.004
18786243f8d9,7,F1,42,42,False,6,36,8,0,0,0,8,0,0,0.012
248ab2ec8ff1,7,F1,6,6,False,6,0,0,0,0,0,0,0,0,0.004
289eeed680db,7,F1,6,6,False,6,0,0,0,0,0,0,0,0,0.003
28a0e3bdd54f,7,F1,6,6,False,6,0,0,0,0,0,0,0,0,0.004
2c6667c87040,7,F1,6,6,False,6,0,0,0,0,0,0,0,0,0.004
33e157f63f30,7,F1,6,6,False,6,0,0,0,0,0,0,0,0,0.004
366ecf93a13e,7,F1,6,6,False,6,0,0,0,0,0,0,0,0,0.004
4917fb665ba8,7,F1,6,6,False,6,0,0,0,0,0,0,0,0,0.004
5369ec1d787e,7,F1,6,6,False,6,0,0,0,0,0,0,0,0,0.004
58fa34aa9a23,7,F1,6,6,False,6,0,0,0,0,0,0,0,0,0.003
62c4c4c61674,7,F1,6,6,False,6,0,0,0,0,0,0,0,0,0.003
6617e49d959f,7,F1,42,42,False,6,36,8,0,0,0,8,0,0,0.01
69178e83f993,7,F1,6,6,False,6,0,0,0,0,0,0,0,0,0.003
695d23bfb627,7,F1,6,6,False,6,0,0,0,0,0,0,0,0,0.004
69623fc10eab,7,F1,6,6,False,6,0,0,0,0,0,0,0,0,0.003
74b0b492671b,7,F1,6,6,False,6,0,0,0,0,0,0,0,0,0.003
764eb320fd07,7,F1,294,294,False,6,288,8,0,0,0,8,0,0,0.057
77d2e8abc1e8,7,F1,6,6,False,6,0,0,0,0,0,0,0,0,0.004
77e923040600,7,F1,6,6,False,6,0,0,0,0,0,0,0,0,0.004
7cc708f07759,7,F1,6,6,False,6,0,0,0,0,0,0,0,0,0.003
7e15a8922637,7,F1,6,6,False,6,0,0,0,0,0,0,0,0,0.003
7f6aa6c59e0e,7,F1,6,6,False,6,0,0,0,0,0,0,0,0,0.004
827fdd16584e,7,F1,42,42,False,6,36,8,0,0,0,8,0,0,0.011
919f588e9409,7,F1,6,6,False,6,0,0,0,0,0,0,0,0,0.003
9a620e203d73,7,F1,6,6,False,6,0,0,0,0,0,0,0,0,0.004
a8c6da25293a,7,F1,6,6,False,6,0,0,0,0,0,0,0,0,0.003
abc528c4dddf,7,F1,6,6,False,6,0,0,0,0,0,0,0,0,0.003
b1863133139a,7,F1,6,6,False,6,0,0,0,0,0,0,0,0,0.003
b4f9f3a18fd8,7,F1,6,6,False,6,0,0,0,0,0,0,0,0,0.003
b845eb1f0167,7,F1,6,6,False,6,0,0,0,0,0,0,0,0,0.003
b874c9649105,7,F1,6,6,False,6,0,0,0,0,0,0,0,0,0.003
b94e1796714a,7,F1,6,6,False,6,0,0,0,0,0,0,0,0,0.004
bab710094bc0,7,F1,6,6,False,6,0,0,0,0,0,0,0,0,0.004
c4f7184e5df5,7,F1,6,6,False,6,0,0,0,0,0,0,0,0,0.004
cb76440ba750,7,F1,6,6,False,6,0,0,0,0,0,0,0,0,0.003
ce2e5327658b,7,F1,6,6,False,6,0,0,0,0,0,0,0,0,0.004
d0172003f835,7,F1,42,42,False,6,36,8,0,0,0,8,0,0,0.012
d0ae011b269b,7,F1,6,6,False,6,0,0,0,0,0,0,0,0,0.004
d7f6720005a5,7,F1,6,6,False,6,0,0,0,0,0,0,0,0,0.003
e09d51d695bb,7,F1,6,6,False,6,0,0,0,0,0,0,0,0,0.003
e4a14a3b8698,7,F1,6,6,False,6,0,0,0,0,0,0,0,0,0.003
e65f112bc44f,7,F1,6,6,False,6,0,0,0,0,0,0,0,0,0.004
e8d1b200366d,7,F1,42,42,False,6,36,8,0,0,0,8,0,0,0.01
ecae3ee0a9d4,7,F1,6,6,False,6,0,0,0,0,0,0,0,0,0.003
f34650093955,7,F1,6,6,False,6,0,0,0,0,0,0,0,0,0.003
f64fa7fb866c,7,F1,6,6,False,6,0,0,0,0,0,0,0,0,0.004
00f4438dc037,7,F2,6,6,False,0,6,6,0,0,6,0,0,0,0.01
5a2f3a9cafc3,7,F2,6,6,False,0,6,6,0,0,6,0,0,0,0.038
72177a24a62f,7,F2,42,42,False,0,42,8,0,0,8,0,0,0,0.038
803689406feb,7,F2,294,294,False,294,0,0,0,0,0,0,0,0,0.02
c0e80697edcb,7,F2,42,42,False,42,0,0,0,0,0,0,0,0,0.335
01991a358bee,11,F1,10,10,False,10,0,0,0,0,0,0,0,0,0.012
04adbfb15b7e,11,F1,10,10,False,10,0,0,0,0,0,0,0,0,0.012
07e17807d6b0,11,F1,10,10,False,10,0,0,0,0,0,0,0,0,0.012
1f150860298b,11,F1,10,10,False,10,0,0,0,0,0,0,0,0,0.012
21b1e30ad5b5,11,F1,110,110,False,10,100,8,0,0,0,8,0,0,0.03
2683cdfebc44,11,F1,10,10,False,10,0,0,0,0,0,0,0,0,0.01
272aa6ba5dcf,11,F1,10,10,False,10,0,0,0,0,0,0,0,0,0.01
283ace7cfd5e,11,F1,10,10,False,10,0,0,0,0,0,0,0,0,0.011
28810fe3333c,11,F1,10,10,False,10,0,0,0,0,0,0,0,0,0.012
2a2fa717e308,11,F1,10,10,False,10,0,0,0,0,0,0,0,0,0.01
491945c221cb,11,F1,10,10,False,10,0,0,0,0,0,0,0,0,0.009
4fb70396ea1a,11,F1,10,10,False,10,0,0,0,0,0,0,0,0,0.009
58467d25e12b,11,F1,10,10,False,10,0,0,0,0,0,0,0,0,0.01
5c13edf60888,11,F1,10,10,False,10,0,0,0,0,0,0,0,0,0.012
62eeedf6cac4,11,F1,10,10,False,10,0,0,0,0,0,0,0,0,0.011
6737e45f7cab,11,F1,10,10,False,10,0,0,0,0,0,0,0,0,0.011
696094bbf0aa,11,F1,10,10,False,10,0,0,0,0,0,0,0,0,0.011
749d46bdd122,11,F1,110,110,False,10,100,8,0,0,0,8,0,0,0.027
8f5573dadc19,11,F1,10,10,False,10,0,0,0,0,0,0,0,0,0.01
94e683c497e3,11,F1,10,10,False,10,0,0,0,0,0,0,0,0,0.011
95368e8d2c2f,11,F1,10,10,False,10,0,0,0,0,0,0,0,0,0.01
9769fdce1052,11,F1,110,110,False,10,100,8,0,0,0,8,0,0,0.026
a13388126d89,11,F1,10,10,False,10,0,0,0,0,0,0,0,0,0.011
a1e706ded209,11,F1,10,10,False,10,0,0,0,0,0,0,0,0,0.011
a4763c85cb9b,11,F1,10,10,False,10,0,0,0,0,0,0,0,0,0.012
a6e7d0b9c718,11,F1,10,10,False,10,0,0,0,0,0,0,0,0,0.012
a8590cb7baa0,11,F1,10,10,False,10,0,0,0,0,0,0,0,0,0.01
b01034373a55,11,F1,10,10,False,10,0,0,0,0,0,0,0,0,0.009
b3354b486272,11,F1,10,10,False,10,0,0,0,0,0,0,0,0,0.012
b4d238ac6404,11,F1,10,10,False,10,0,0,0,0,0,0,0,0,0.011
bc64e2c78816,11,F1,1210,1210,False,10,1200,8,0,0,0,8,0,0,0.228
bd1b98f0750b,11,F1,10,10,False,10,0,0,0,0,0,0,0,0,0.012
bd24bbabed2b,11,F1,10,10,False,10,0,0,0,0,0,0,0,0,0.01
c2478659d091,11,F1,10,10,False,10,0,0,0,0,0,0,0,0,0.011
c4e9de8a1fb3,11,F1,10,10,False,10,0,0,0,0,0,0,0,0,0.01
c6c5d17dd752,11,F1,10,10,False,10,0,0,0,0,0,0,0,0,0.011
c6ceb23555a3,11,F1,10,10,False,10,0,0,0,0,0,0,0,0,0.01
c9901f7b5b8d,11,F1,10,10,False,10,0,0,0,0,0,0,0,0,0.013
cd384ca3c1be,11,F1,10,10,False,10,0,0,0,0,0,0,0,0,0.014
d8ed0324f071,11,F1,10,10,False,10,0,0,0,0,0,0,0,0,0.012
db052377fa7b,11,F1,10,10,False,10,0,0,0,0,0,0,0,0,0.012
de24a61aad80,11,F1,10,10,False,10,0,0,0,0,0,0,0,0,0.009
e4e669f00b07,11,F1,110,110,False,10,100,8,0,0,0,8,0,0,0.031
e7030ae24f4c,11,F1,110,110,False,10,100,8,0,0,0,8,0,0,0.027
e9c63beafcca,11,F1,10,10,False,10,0,0,0,0,0,0,0,0,0.012
f0db452001a6,11,F1,10,10,False,10,0,0,0,0,0,0,0,0,0.011
fe38e20ade57,11,F1,10,10,False,10,0,0,0,0,0,0,0,0,0.012
ff959dba3f30,11,F1,10,10,False,10,0,0,0,0,0,0,0,0,0.012
6a9e2a3fd78f,11,F2,10,10,False,10,0,0,0,0,0,0,0,0,0.025
b578baafdd93,11,F2,10,10,False,10,0,0,0,0,0,0,0,0,5.522
142514c45be0,13,F1,12,12,False,12,0,0,0,0,0,0,0,0,0.024
15e36cbe47db,13,F1,12,12,False,12,0,0,0,0,0,0,0,0,0.02
17fa168dbb97,13,F1,12,12,False,12,0,0,0,0,0,0,0,0,0.019
180f8c19bf01,13,F1,12,12,False,12,0,0,0,0,0,0,0,0,0.02
1a0b3bed006a,13,F1,156,156,False,12,144,8,0,0,0,8,0,0,0.044
1aa6f6646115,13,F1,12,12,False,12,0,0,0,0,0,0,0,0,0.018
35b87f2cd158,13,F1,156,156,False,12,144,8,0,0,0,8,0,0,0.047
37ce4d454e07,13,F1,12,12,False,12,0,0,0,0,0,0,0,0,0.019
43eeb7021a84,13,F1,12,12,False,12,0,0,0,0,0,0,0,0,0.02
4add34d13b46,13,F1,12,12,False,12,0,0,0,0,0,0,0,0,0.017
4b7bb3c02040,13,F1,2028,2028,False,12,2016,8,0,0,0,8,0,0,0.423
4b935bf6ad88,13,F1,12,12,False,12,0,0,0,0,0,0,0,0,0.017
53a85a8ec9c6,13,F1,12,12,False,12,0,0,0,0,0,0,0,0,0.02
5659b50ff1b9,13,F1,12,12,False,12,0,0,0,0,0,0,0,0,0.018
63e50401f5c3,13,F1,12,12,False,12,0,0,0,0,0,0,0,0,0.016
6d5ddce41e52,13,F1,12,12,False,12,0,0,0,0,0,0,0,0,0.016
70eb6f26be0d,13,F1,12,12,False,12,0,0,0,0,0,0,0,0,0.019
789237cadb73,13,F1,12,12,False,12,0,0,0,0,0,0,0,0,0.016
796739a0d039,13,F1,12,12,False,12,0,0,0,0,0,0,0,0,0.018
7a0222e98017,13,F1,12,12,False,12,0,0,0,0,0,0,0,0,0.016
7ca5e745ed39,13,F1,12,12,False,12,0,0,0,0,0,0,0,0,0.019
8ac64c85e1dd,13,F1,12,12,False,12,0,0,0,0,0,0,0,0,0.015
8ace68dc4e14,13,F1,12,12,False,12,0,0,0,0,0,0,0,0,0.018
8d3a0baf7058,13,F1,12,12,False,12,0,0,0,0,0,0,0,0,0.016
913ed50ffe33,13,F1,12,12,False,12,0,0,0,0,0,0,0,0,0.02
92e88fadfd79,13,F1,12,12,False,12,0,0,0,0,0,0,0,0,0.014
97e60bd88e1b,13,F1,12,12,False,12,0,0,0,0,0,0,0,0,0.018
9baa69b23fba,13,F1,156,156,False,12,144,8,0,0,0,8,0,0,0.04
9d18d5237b79,13,F1,12,12,False,12,0,0,0,0,0,0,0,0,0.018
9d2f621a3911,13,F1,12,12,False,12,0,0,0,0,0,0,0,0,0.016
a39c446ae758,13,F1,156,156,False,12,144,8,0,0,0,8,0,0,0.044
a6e10bf5e213,13,F1,12,12,False,12,0,0,0,0,0,0,0,0,0.018
b75c30bd813d,13,F1,12,12,False,12,0,0,0,0,0,0,0,0,0.019
b8ab4358d085,13,F1,12,12,False,12,0,0,0,0,0,0,0,0,0.017
b8f29de16107,13,F1,12,12,False,12,0,0,0,0,0,0,0,0,0.016
bc6a9c8a3c88,13,F1,12,12,False,12,0,0,0,0,0,0,0,0,0.017
c35ac0395426,13,F1,12,12,False,12,0,0,0,0,0,0,0,0,0.018
c946eca90b38,13,F1,12,12,False,12,0,0,0,0,0,0,0,0,0.019
cac50e45dca4,13,F1,156,156,False,12,144,8,0,0,0,8,0,0,0.039
cfcb95272aa9,13,F1,12,12,False,12,0,0,0,0,0,0,0,0,0.02
d483fa8cc974,13,F1,12,12,False,12,0,0,0,0,0,0,0,0,0.02
d54cb57e490d,13,F1,12,12,False,12,0,0,0,0,0,0,0,0,0.018
da0e37451907,13,F1,12,12,False,12,0,0,0,0,0,0,0,0,0.019
df02227b072e,13,F1,12,12,False,12,0,0,0,0,0,0,0,0,0.018
e560dfa39233,13,F1,12,12,False,12,0,0,0,0,0,0,0,0,0.017
ea54385cd4ac,13,F1,12,12,False,12,0,0,0,0,0,0,0,0,0.016
ecef83bfa24d,13,F1,12,12,False,12,0,0,0,0,0,0,0,0,0.016
f55b3fc332bd,13,F1,12,12,False,12,0,0,0,0,0,0,0,0,0.02
18e9f794fe5d,13,F2,156,156,False,0,156,8,0,0,8,0,0,0,8.139
b329456c14c6,13,F2,156,156,False,12,144,8,0,0,8,0,0,0,0.037
f5c5636a5f41,13,F2,12,12,False,12,0,0,0,0,0,0,0,0,0.816
01600978848b,17,F1,16,16,False,16,0,0,0,0,0,0,0,0,0.047
162625e34709,17,F1,16,16,False,16,0,0,0,0,0,0,0,0,0.033
177283154864,17,F1,272,272,False,16,256,8,0,0,0,8,0,0,0.08
185718d0ab3b,17,F1,16,16,False,16,0,0,0,0,0,0,0,0,0.047
1ce49f99fc35,17,F1,16,16,False,16,0,0,0,0,0,0,0,0,0.035
1eaa4ba97e0b,17,F1,16,16,False,16,0,0,0,0,0,0,0,0,0.037
376ebcbe6f85,17,F1,16,16,False,16,0,0,0,0,0,0,0,0,0.037
3831f7d00305,17,F1,16,16,False,16,0,0,0,0,0,0,0,0,0.032
3c61ff98bd29,17,F1,16,16,False,16,0,0,0,0,0,0,0,0,0.038
3ee44a89c2a2,17,F1,16,16,False,16,0,0,0,0,0,0,0,0,0.033
401f221c97bf,17,F1,16,16,False,16,0,0,0,0,0,0,0,0,0.096
43bf1267f91f,17,F1,16,16,False,16,0,0,0,0,0,0,0,0,0.043
45295483ecdd,17,F1,4624,4624,False,16,4608,8,0,0,0,8,0,0,0.99
4c6ba80b5088,17,F1,16,16,False,16,0,0,0,0,0,0,0,0,0.04
5117aa220e6a,17,F1,16,16,False,16,0,0,0,0,0,0,0,0,0.039
58a97c22bba3,17,F1,16,16,False,16,0,0,0,0,0,0,0,0,0.047
5a9004d7449f,17,F1,16,16,False,16,0,0,0,0,0,0,0,0,0.041
5c7361274501,17,F1,16,16,False,16,0,0,0,0,0,0,0,0,0.041
5fb91e7067b8,17,F1,16,16,False,16,0,0,0,0,0,0,0,0,0.042
60bf9e7c3055,17,F1,16,16,False,16,0,0,0,0,0,0,0,0,0.03
64b8ee8bb254,17,F1,16,16,False,16,0,0,0,0,0,0,0,0,0.04
6aa8811cef94,17,F1,16,16,False,16,0,0,0,0,0,0,0,0,0.045
6ad54376483f,17,F1,16,16,False,16,0,0,0,0,0,0,0,0,0.042
6ea6b99ecf9b,17,F1,16,16,False,16,0,0,0,0,0,0,0,0,0.039
7113f11e78e0,17,F1,16,16,False,16,0,0,0,0,0,0,0,0,0.037
71a0f8205665,17,F1,272,272,False,16,256,8,0,0,0,8,0,0,0.093
7537591317d4,17,F1,16,16,False,16,0,0,0,0,0,0,0,0,0.042
799b7c968b97,17,F1,16,16,False,16,0,0,0,0,0,0,0,0,0.037
7a2b773c87b8,17,F1,16,16,False,16,0,0,0,0,0,0,0,0,0.038
7a70d838f8ee,17,F1,272,272,False,16,256,8,0,0,0,8,0,0,0.097
7b0f9b5e0bdd,17,F1,16,16,False,16,0,0,0,0,0,0,0,0,0.044
81304a79923e,17,F1,16,16,False,16,0,0,0,0,0,0,0,0,0.04
880a1330c8df,17,F1,16,16,False,16,0,0,0,0,0,0,0,0,0.042
8cd4ee8ba514,17,F1,16,16,False,16,0,0,0,0,0,0,0,0,0.043
8e4026d13e6f,17,F1,16,16,False,16,0,0,0,0,0,0,0,0,0.046
9f5c593be425,17,F1,16,16,False,16,0,0,0,0,0,0,0,0,0.046
a4b44f2ae805,17,F1,16,16,False,16,0,0,0,0,0,0,0,0,0.057
