hash,label,deg_P,deg_y,n_terms,species_measured,U_bezout_identity,U_residual_terms,U_deg_A,U_deg_B,SY_verdict,FIB_witness,max_fibre_components,period_instrument,places_at_infinity,genus,period_case,period_value,period_witness,period_verdict,mate_verdict,mate_max_deg_Q,mate_certificate,mate_lambda_support,mate_lambda_reverified
c5e02d711fe5,"G1 h0=-3 c=2 a=0 n=1 m=2 t=[(0, Fraction(1, 1))]",3,2,5,v-quadratic,True,0,2,2,NON_COORDINATE,NON_COORDINATE_BY_R,2,EXACT-G1,2,0,ii,residues ['0'],all residues zero and the compact model is P^1,VANISHING,EMPTY_all_stages,6,lambda_exact,13,True
a3b909a78c74,"G1 h0=-1 c=1 a=0 n=1 m=2 t=[(0, Fraction(-3, 1)), (1, Fraction(-3, 1))]",3,2,8,v-quadratic,True,0,2,2,NON_COORDINATE,NON_COORDINATE_BY_R,2,EXACT-G1,2,0,ii,residues ['0'],all residues zero and the compact model is P^1,VANISHING,EMPTY_all_stages,6,lambda_exact,22,True
a03f511f7ecd,"G1 h0=-3 c=-1 a=2 n=1 m=2 t=[(0, Fraction(-3, 1)), (1, Fraction(1, 1)), (2, Fraction(-2, 1))]",5,2,12,v-quadratic,True,0,2,3,NON_COORDINATE,NON_COORDINATE_BY_R,2,EXACT-G1,2,0,ii,residues ['0'],all residues zero and the compact model is P^1,VANISHING,EMPTY_all_stages,10,lambda_exact,42,True
fef547c2b095,"G1 h0=1 c=-1 a=0 n=1 m=2 t=[(0, Fraction(-1, 1)), (1, Fraction(1, 1)), (2, Fraction(-2, 1)), (3, Fraction(-3, 1))]",7,2,14,v-quadratic,True,0,2,4,NON_COORDINATE,NON_COORDINATE_BY_R,2,EXACT-G1,2,0,ii,residues ['0'],all residues zero and the compact model is P^1,VANISHING,EMPTY_all_stages,14,lambda_exact,74,True
a6f2275bea24,"G1 h0=1 c=2 a=1 n=2 m=2 t=[(0, Fraction(2, 1))]",4,2,9,v-quadratic|S2_ge3_places,True,0,3,3,NON_COORDINATE,NON_COORDINATE_BY_R,2,EXACT-G1,3,0,i,max|Res| = 0.3535533905932738,nonzero residues at the 2 places over y = 0 (n >= 2 and n | m),NONVANISHING,,,,,
6836bcb45f5b,"G1 h0=-1 c=3 a=0 n=2 m=2 t=[(1, Fraction(-1, 1))]",4,2,5,v-quadratic|S2_ge3_places,True,0,3,3,NON_COORDINATE,NON_COORDINATE_BY_R,2,EXACT-G1,3,0,i,max|Res| = 0.28867513459481287,nonzero residues at the 2 places over y = 0 (n >= 2 and n | m),NONVANISHING,,,,,
4dbdab934ff9,"G1 h0=2 c=-2 a=2 n=2 m=2 t=[(0, Fraction(2, 1)), (2, Fraction(-1, 1))]",6,2,14,v-quadratic|S2_ge3_places,True,0,3,4,NON_COORDINATE,NON_COORDINATE_BY_R,2,EXACT-G1,3,0,i,max|Res| = 0.3535533905932738,nonzero residues at the 2 places over y = 0 (n >= 2 and n | m),NONVANISHING,,,,,
5e76efef99d1,"G1 h0=-3 c=-1 a=0 n=2 m=2 t=[(0, Fraction(2, 1)), (1, Fraction(1, 1)), (2, Fraction(3, 1)), (3, Fraction(-1, 1))]",8,2,15,v-quadratic|S2_ge3_places,True,0,3,5,NON_COORDINATE,NON_COORDINATE_BY_R,2,EXACT-G1,3,0,i,max|Res| = 0.5,nonzero residues at the 2 places over y = 0 (n >= 2 and n | m),NONVANISHING,,,,,
4dda6f050f87,"G1 h0=-3 c=1 a=-1 n=3 m=2 t=[(0, Fraction(-3, 1))]",5,2,12,v-quadratic|S3_positive_genus,True,0,4,4,NON_COORDINATE,NON_COORDINATE_BY_R,2,EXACT-G1,2,1,iii,0,nonzero holomorphic 1-form on a compact curve of genus 1,NONVANISHING,,,,,
109b34dbdc2f,"G1 h0=-3 c=1 a=0 n=3 m=2 t=[(0, Fraction(-1, 1)), (1, Fraction(-3, 1))]",5,2,9,v-quadratic|S3_positive_genus,True,0,4,4,NON_COORDINATE,NON_COORDINATE_BY_R,2,EXACT-G1,2,1,iii,0,nonzero holomorphic 1-form on a compact curve of genus 1,NONVANISHING,,,,,
7d0e083da886,"G1 h0=1 c=-2 a=-1 n=3 m=2 t=[(1, Fraction(-3, 1)), (2, Fraction(-3, 1))]",7,2,17,v-quadratic|S3_positive_genus,True,0,4,5,NON_COORDINATE,NON_COORDINATE_BY_R,2,EXACT-G1,2,1,iii,0,nonzero holomorphic 1-form on a compact curve of genus 1,NONVANISHING,,,,,
6b6044d20df4,"G1 h0=-1 c=1 a=2 n=3 m=2 t=[(1, Fraction(1, 1)), (2, Fraction(1, 1)), (3, Fraction(1, 1))]",9,2,19,v-quadratic|S3_positive_genus,True,0,4,6,NON_COORDINATE,NON_COORDINATE_BY_R,2,EXACT-G1,2,1,iii,0,nonzero holomorphic 1-form on a compact curve of genus 1,NONVANISHING,,,,,
efd48c6b2213,"G1 h0=-3 c=1 a=0 n=4 m=2 t=[(0, Fraction(-3, 1))]",6,2,5,v-quadratic|S2_ge3_places|S3_positive_genus,True,0,5,5,NON_COORDINATE,NON_COORDINATE_BY_R,2,EXACT-G1,3,1,iii,0,nonzero holomorphic 1-form on a compact curve of genus 1,NONVANISHING,,,,,
a16282035d07,"G1 h0=2 c=2 a=0 n=4 m=2 t=[(0, Fraction(3, 1)), (1, Fraction(1, 1))]",6,2,9,v-quadratic|S2_ge3_places|S3_positive_genus,True,0,5,5,NON_COORDINATE,NON_COORDINATE_BY_R,2,EXACT-G1,3,1,iii,0,nonzero holomorphic 1-form on a compact curve of genus 1,NONVANISHING,,,,,
4b54e73ae8ae,"G1 h0=-3 c=-2 a=0 n=4 m=2 t=[(2, Fraction(-1, 1))]",8,2,5,v-quadratic|S2_ge3_places|S3_positive_genus,True,0,5,6,NON_COORDINATE,NON_COORDINATE_BY_R,2,EXACT-G1,3,1,iii,0,nonzero holomorphic 1-form on a compact curve of genus 1,NONVANISHING,,,,,
79b4bd399382,"G1 h0=-1 c=-1 a=0 n=4 m=2 t=[(0, Fraction(3, 1)), (3, Fraction(-1, 1))]",10,2,9,v-quadratic|S2_ge3_places|S3_positive_genus,True,0,5,7,NON_COORDINATE,NON_COORDINATE_BY_R,2,EXACT-G1,3,1,iii,0,nonzero holomorphic 1-form on a compact curve of genus 1,NONVANISHING,,,,,
dff7b6ad99e8,"G1 h0=2 c=2 a=2 n=5 m=2 t=[(0, Fraction(1, 1))]",7,2,18,v-quadratic|S3_positive_genus,True,0,6,6,NON_COORDINATE,NON_COORDINATE_BY_R,2,EXACT-G1,2,2,iii,0,nonzero holomorphic 1-form on a compact curve of genus 2,NONVANISHING,,,,,
0eaea989d80a,"G1 h0=-1 c=-2 a=0 n=5 m=2 t=[(0, Fraction(3, 1)), (1, Fraction(-3, 1))]",7,2,9,v-quadratic|S3_positive_genus,True,0,6,6,NON_COORDINATE,NON_COORDINATE_BY_R,2,EXACT-G1,2,2,iii,0,nonzero holomorphic 1-form on a compact curve of genus 2,NONVANISHING,,,,,
a1f03a53544d,"G1 h0=2 c=1 a=2 n=5 m=2 t=[(0, Fraction(-2, 1)), (1, Fraction(-1, 1)), (2, Fraction(1, 1))]",9,2,24,v-quadratic|S3_positive_genus,True,0,6,7,NON_COORDINATE,NON_COORDINATE_BY_R,2,EXACT-G1,2,2,iii,0,nonzero holomorphic 1-form on a compact curve of genus 2,NONVANISHING,,,,,
b3e20b4cd68c,"G1 h0=2 c=-2 a=1 n=5 m=2 t=[(1, Fraction(-1, 1)), (2, Fraction(3, 1)), (3, Fraction(-3, 1))]",11,2,26,v-quadratic|S3_positive_genus,True,0,6,8,NON_COORDINATE,NON_COORDINATE_BY_R,2,EXACT-G1,2,2,iii,0,nonzero holomorphic 1-form on a compact curve of genus 2,NONVANISHING,,,,,
ad4e683f969f,G1 h0=-1 c=-1 a=0 n=6 m=2 t=[],8,2,2,v-quadratic|S2_ge3_places|S3_positive_genus,True,0,7,7,NON_COORDINATE,NON_COORDINATE_BY_R,2,EXACT-G1,3,2,iii,0,nonzero holomorphic 1-form on a compact curve of genus 2,NONVANISHING,,,,,
cd764775d247,"G1 h0=-3 c=3 a=1 n=6 m=2 t=[(0, Fraction(-2, 1)), (1, Fraction(-2, 1))]",8,2,24,v-quadratic|S2_ge3_places|S3_positive_genus,True,0,7,7,NON_COORDINATE,NON_COORDINATE_BY_R,2,EXACT-G1,3,2,iii,0,nonzero holomorphic 1-form on a compact curve of genus 2,NONVANISHING,,,,,
4d828474bfe5,"G1 h0=-1 c=1 a=0 n=6 m=2 t=[(0, Fraction(-1, 1)), (1, Fraction(-1, 1)), (2, Fraction(2, 1))]",10,2,13,v-quadratic|S2_ge3_places|S3_positive_genus,True,0,7,8,NON_COORDINATE,NON_COORDINATE_BY_R,2,EXACT-G1,3,2,iii,0,nonzero holomorphic 1-form on a compact curve of genus 2,NONVANISHING,,,,,
284e83fc0c40,"G1 h0=2 c=-2 a=1 n=6 m=2 t=[(0, Fraction(3, 1)), (1, Fraction(3, 1)), (2, Fraction(-2, 1)), (3, Fraction(1, 1))]",12,2,30,v-quadratic|S2_ge3_places|S3_positive_genus,True,0,7,9,NON_COORDINATE,NON_COORDINATE_BY_R,2,EXACT-G1,3,2,iii,0,nonzero holomorphic 1-form on a compact curve of genus 2,NONVANISHING,,,,,
981e0b0bb26c,"G1 h0=2 c=3 a=0 n=7 m=2 t=[(0, Fraction(1, 1))]",9,2,5,v-quadratic|S3_positive_genus,True,0,8,8,NON_COORDINATE,NON_COORDINATE_BY_R,2,EXACT-G1,2,3,iii,0,nonzero holomorphic 1-form on a compact curve of genus 3,NONVANISHING,,,,,
27f4531120ff,"G1 h0=2 c=-1 a=-1 n=7 m=2 t=[(0, Fraction(1, 1)), (1, Fraction(3, 1))]",9,2,27,v-quadratic|S3_positive_genus,True,0,8,8,NON_COORDINATE,NON_COORDINATE_BY_R,2,EXACT-G1,2,3,iii,0,nonzero holomorphic 1-form on a compact curve of genus 3,NONVANISHING,,,,,
743baa1812f2,"G1 h0=-1 c=2 a=0 n=7 m=2 t=[(0, Fraction(-2, 1)), (2, Fraction(1, 1))]",11,2,9,v-quadratic|S3_positive_genus,True,0,8,9,NON_COORDINATE,NON_COORDINATE_BY_R,2,EXACT-G1,2,3,iii,0,nonzero holomorphic 1-form on a compact curve of genus 3,NONVANISHING,,,,,
a76403019666,"G1 h0=-3 c=1 a=2 n=7 m=2 t=[(0, Fraction(-3, 1)), (1, Fraction(2, 1)), (2, Fraction(2, 1)), (3, Fraction(-3, 1))]",13,2,33,v-quadratic|S3_positive_genus,True,0,8,10,NON_COORDINATE,NON_COORDINATE_BY_R,2,EXACT-G1,2,3,iii,0,nonzero holomorphic 1-form on a compact curve of genus 3,NONVANISHING,,,,,
dbbc1afb5a49,"G1 h0=2 c=-2 a=0 n=8 m=2 t=[(0, Fraction(-1, 1))]",10,2,5,v-quadratic|S2_ge3_places|S3_positive_genus,True,0,9,9,NON_COORDINATE,NON_COORDINATE_BY_R,2,EXACT-G1,3,3,iii,0,nonzero holomorphic 1-form on a compact curve of genus 3,NONVANISHING,,,,,
97673b78b7d5,"G1 h0=2 c=2 a=0 n=8 m=2 t=[(0, Fraction(-1, 1)), (1, Fraction(-3, 1))]",10,2,9,v-quadratic|S2_ge3_places|S3_positive_genus,True,0,9,9,NON_COORDINATE,NON_COORDINATE_BY_R,2,EXACT-G1,3,3,iii,0,nonzero holomorphic 1-form on a compact curve of genus 3,NONVANISHING,,,,,
52200030d8b2,"G1 h0=-1 c=-1 a=2 n=8 m=2 t=[(0, Fraction(-1, 1)), (1, Fraction(-2, 1)), (2, Fraction(2, 1))]",12,2,33,v-quadratic|S2_ge3_places|S3_positive_genus,True,0,9,10,NON_COORDINATE,NON_COORDINATE_BY_R,2,EXACT-G1,3,3,iii,0,nonzero holomorphic 1-form on a compact curve of genus 3,NONVANISHING,,,,,
01a4434f070f,"G1 h0=-3 c=2 a=2 n=8 m=2 t=[(0, Fraction(-2, 1)), (1, Fraction(-1, 1)), (2, Fraction(2, 1)), (3, Fraction(-1, 1))]",14,2,36,v-quadratic|S2_ge3_places|S3_positive_genus,True,0,9,11,NON_COORDINATE,NON_COORDINATE_BY_R,2,EXACT-G1,3,3,iii,0,nonzero holomorphic 1-form on a compact curve of genus 3,NONVANISHING,,,,,
adba1efa2bb6,"G1 h0=-1 c=-2 a=-1 n=9 m=2 t=[(0, Fraction(1, 1))]",11,2,30,v-quadratic|S3_positive_genus,True,0,10,10,NON_COORDINATE,NON_COORDINATE_BY_R,2,EXACT-G1,2,4,iii,0,nonzero holomorphic 1-form on a compact curve of genus 4,NONVANISHING,,,,,
395813152648,"G1 h0=2 c=1 a=0 n=9 m=2 t=[(1, Fraction(1, 1))]",11,2,5,v-quadratic|S3_positive_genus,True,0,10,10,NON_COORDINATE,NON_COORDINATE_BY_R,2,EXACT-G1,2,4,iii,0,nonzero holomorphic 1-form on a compact curve of genus 4,NONVANISHING,,,,,
04203b14c22d,"G1 h0=-1 c=-1 a=-1 n=9 m=2 t=[(0, Fraction(2, 1)), (1, Fraction(1, 1)), (2, Fraction(2, 1))]",13,2,36,v-quadratic|S3_positive_genus,True,0,10,11,NON_COORDINATE,NON_COORDINATE_BY_R,2,EXACT-G1,2,4,iii,0,nonzero holomorphic 1-form on a compact curve of genus 4,NONVANISHING,,,,,
876f16251356,"G1 h0=2 c=-2 a=-1 n=9 m=2 t=[(0, Fraction(3, 1)), (1, Fraction(-2, 1)), (3, Fraction(2, 1))]",15,2,39,v-quadratic|S3_positive_genus,True,0,10,12,NON_COORDINATE,NON_COORDINATE_BY_R,2,EXACT-G1,2,4,iii,0,nonzero holomorphic 1-form on a compact curve of genus 4,NONVANISHING,,,,,
e8d5d6c2f1aa,"G1 h0=1 c=1 a=0 n=10 m=2 t=[(0, Fraction(1, 1))]",12,2,5,v-quadratic|S2_ge3_places|S3_positive_genus,True,0,11,11,NON_COORDINATE,NON_COORDINATE_BY_R,2,EXACT-G1,3,4,iii,0,nonzero holomorphic 1-form on a compact curve of genus 4,NONVANISHING,,,,,
0b5c89d19389,"G1 h0=1 c=1 a=-1 n=10 m=2 t=[(0, Fraction(-1, 1)), (1, Fraction(2, 1))]",12,2,35,v-quadratic|S2_ge3_places|S3_positive_genus,True,0,11,11,NON_COORDINATE,NON_COORDINATE_BY_R,2,EXACT-G1,3,4,iii,0,nonzero holomorphic 1-form on a compact curve of genus 4,NONVANISHING,,,,,
43ff757b1b79,"G1 h0=1 c=-1 a=-1 n=10 m=2 t=[(0, Fraction(-2, 1)), (1, Fraction(2, 1)), (2, Fraction(2, 1))]",14,2,39,v-quadratic|S2_ge3_places|S3_positive_genus,True,0,11,12,NON_COORDINATE,NON_COORDINATE_BY_R,2,EXACT-G1,3,4,iii,0,nonzero holomorphic 1-form on a compact curve of genus 4,NONVANISHING,,,,,
e8cc7be455b4,"G1 h0=-3 c=-2 a=2 n=10 m=2 t=[(0, Fraction(-3, 1)), (1, Fraction(3, 1)), (2, Fraction(2, 1)), (3, Fraction(-3, 1))]",16,2,42,v-quadratic|S2_ge3_places|S3_positive_genus,True,0,11,13,NON_COORDINATE,NON_COORDINATE_BY_R,2,EXACT-G1,3,4,iii,0,nonzero holomorphic 1-form on a compact curve of genus 4,NONVANISHING,,,,,
66b0fe062192,"G1 h0=-1 c=-2 a=2 n=11 m=2 t=[(0, Fraction(3, 1))]",13,2,36,v-quadratic|S3_positive_genus,True,0,12,12,NON_COORDINATE,NON_COORDINATE_BY_R,2,EXACT-G1,2,5,iii,0,nonzero holomorphic 1-form on a compact curve of genus 5,NONVANISHING,,,,,
f71bddec9acd,"G1 h0=-3 c=1 a=1 n=11 m=2 t=[(1, Fraction(2, 1))]",13,2,38,v-quadratic|S3_positive_genus,True,0,12,12,NON_COORDINATE,NON_COORDINATE_BY_R,2,EXACT-G1,2,5,iii,0,nonzero holomorphic 1-form on a compact curve of genus 5,NONVANISHING,,,,,
0a3796ad1edf,"G1 h0=-3 c=-2 a=0 n=11 m=2 t=[(1, Fraction(2, 1)), (2, Fraction(1, 1))]",15,2,9,v-quadratic|S3_positive_genus,True,0,12,13,NON_COORDINATE,NON_COORDINATE_BY_R,2,EXACT-G1,2,5,iii,0,nonzero holomorphic 1-form on a compact curve of genus 5,NONVANISHING,,,,,
bd3bab925c3a,"G1 h0=-1 c=-2 a=1 n=11 m=2 t=[(0, Fraction(-3, 1)), (1, Fraction(2, 1)), (2, Fraction(-2, 1)), (3, Fraction(1, 1))]",17,2,45,v-quadratic|S3_positive_genus,True,0,12,14,NON_COORDINATE,NON_COORDINATE_BY_R,2,EXACT-G1,2,5,iii,0,nonzero holomorphic 1-form on a compact curve of genus 5,NONVANISHING,,,,,
5d1ca9d31a18,G1 h0=-3 c=1 a=0 n=12 m=2 t=[],14,2,2,v-quadratic|S2_ge3_places|S3_positive_genus,True,0,13,13,NON_COORDINATE,NON_COORDINATE_BY_R,2,EXACT-G1,3,5,iii,0,nonzero holomorphic 1-form on a compact curve of genus 5,NONVANISHING,,,,,
649350d14258,"G1 h0=1 c=2 a=0 n=12 m=2 t=[(0, Fraction(-2, 1)), (1, Fraction(-2, 1))]",14,2,9,v-quadratic|S2_ge3_places|S3_positive_genus,True,0,13,13,NON_COORDINATE,NON_COORDINATE_BY_R,2,EXACT-G1,3,5,iii,0,nonzero holomorphic 1-form on a compact curve of genus 5,NONVANISHING,,,,,
150e7c2fdb30,"G1 h0=2 c=-1 a=2 n=12 m=2 t=[(0, Fraction(1, 1)), (1, Fraction(-2, 1)), (2, Fraction(-3, 1))]",16,2,45,v-quadratic|S2_ge3_places|S3_positive_genus,True,0,13,14,NON_COORDINATE,NON_COORDINATE_BY_R,2,EXACT-G1,3,5,iii,0,nonzero holomorphic 1-form on a compact curve of genus 5,NONVANISHING,,,,,
9a04e9d6c1e1,"G1 h0=2 c=1 a=2 n=12 m=2 t=[(1, Fraction(1, 1)), (2, Fraction(3, 1)), (3, Fraction(1, 1))]",18,2,47,v-quadratic|S2_ge3_places|S3_positive_genus,True,0,13,15,NON_COORDINATE,NON_COORDINATE_BY_R,2,EXACT-G1,3,5,iii,0,nonzero holomorphic 1-form on a compact curve of genus 5,NONVANISHING,,,,,
207b968cb4c5,"G1 h0=1 c=3 a=0 n=1 m=3 t=[(0, Fraction(-1, 1))]",4,3,6,S1_v_cubic,True,0,3,3,NON_COORDINATE,NON_COORDINATE_BY_R,2,EXACT-G1,2,0,ii,0,all residues zero and the compact model is P^1,VANISHING,EMPTY_all_stages,8,lambda_exact,27,True
52830078b770,"G1 h0=-3 c=2 a=-1 n=1 m=3 t=[(0, Fraction(-1, 1)), (1, Fraction(-3, 1))]",4,3,14,S1_v_cubic,True,0,3,3,NON_COORDINATE,NON_COORDINATE_BY_R,2,EXACT-G1,2,0,ii,0,all residues zero and the compact model is P^1,VANISHING,EMPTY_all_stages,8,lambda_exact,37,True
39f56b091e75,"G1 h0=-1 c=2 a=0 n=1 m=3 t=[(0, Fraction(-3, 1)), (1, Fraction(-2, 1)), (2, Fraction(-1, 1))]",7,3,18,S1_v_cubic,True,0,4,5,NON_COORDINATE,NON_COORDINATE_BY_R,2,EXACT-G1,2,0,ii,0,all residues zero and the compact model is P^1,VANISHING,EMPTY_all_stages,14,lambda_exact,56,True
36bc150f8dae,"G1 h0=2 c=3 a=1 n=1 m=3 t=[(0, Fraction(3, 1)), (2, Fraction(3, 1)), (3, Fraction(2, 1))]",10,3,26,S1_v_cubic,True,0,5,7,NON_COORDINATE,NON_COORDINATE_BY_R,2,EXACT-G1,2,0,ii,0,all residues zero and the compact model is P^1,VANISHING,EMPTY_all_stages,20,lambda_exact,161,True
0a32a1935a5d,"G1 h0=2 c=2 a=0 n=2 m=3 t=[(0, Fraction(-2, 1))]",5,3,6,S1_v_cubic|S2_ge3_places,True,0,4,4,NON_COORDINATE,NON_COORDINATE_BY_R,2,EXACT-G1,3,0,ii,0,all residues zero and the compact model is P^1,VANISHING,EMPTY_all_stages,10,lambda_exact,20,True
fa25edeecbfe,"G1 h0=-3 c=1 a=-1 n=2 m=3 t=[(0, Fraction(-2, 1)), (1, Fraction(-3, 1))]",5,3,17,S1_v_cubic|S2_ge3_places,True,0,4,4,NON_COORDINATE,NON_COORDINATE_BY_R,2,EXACT-G1,3,0,ii,0,all residues zero and the compact model is P^1,VANISHING,EMPTY_all_stages,10,lambda_exact,36,True
1ef523b227e7,"G1 h0=2 c=-2 a=2 n=2 m=3 t=[(0, Fraction(-3, 1)), (1, Fraction(2, 1)), (2, Fraction(-2, 1))]",8,3,24,S1_v_cubic|S2_ge3_places|S4_ge3_components,True,0,5,6,NON_COORDINATE,NON_COORDINATE_BY_R,3,EXACT-G1,3,0,ii,0,all residues zero and the compact model is P^1,VANISHING,EMPTY_all_stages,16,lambda_exact,114,True
a4d6d040e138,"G1 h0=2 c=-2 a=0 n=2 m=3 t=[(0, Fraction(2, 1)), (1, Fraction(-3, 1)), (2, Fraction(1, 1)), (3, Fraction(2, 1))]",11,3,25,S1_v_cubic|S2_ge3_places|S4_ge3_components,True,0,6,8,NON_COORDINATE,NON_COORDINATE_BY_R,3,EXACT-G1,3,0,ii,0,all residues zero and the compact model is P^1,VANISHING,EMPTY_all_stages,22,lambda_exact,151,True
6f3b021f8f54,G1 h0=-3 c=3 a=-1 n=3 m=3 t=[],6,3,5,S1_v_cubic|S2_ge3_places,True,0,5,5,NON_COORDINATE,NON_COORDINATE_BY_R,2,EXACT-G1,4,0,i,residues nonzero,nonzero residues at the 3 places over y = 0 (n >= 2 and n | m),NONVANISHING,,,,,
c68d1ee17375,"G1 h0=1 c=2 a=1 n=3 m=3 t=[(0, Fraction(-2, 1)), (1, Fraction(2, 1))]",6,3,22,S1_v_cubic|S2_ge3_places,True,0,5,5,NON_COORDINATE,NON_COORDINATE_BY_R,2,EXACT-G1,4,0,i,residues nonzero,nonzero residues at the 3 places over y = 0 (n >= 2 and n | m),NONVANISHING,,,,,
49baad00b0e3,"G1 h0=1 c=1 a=0 n=3 m=3 t=[(0, Fraction(2, 1)), (1, Fraction(-3, 1)), (2, Fraction(-2, 1))]",9,3,20,S1_v_cubic|S2_ge3_places,True,0,6,7,NON_COORDINATE,NON_COORDINATE_BY_R,2,EXACT-G1,4,0,i,residues nonzero,nonzero residues at the 3 places over y = 0 (n >= 2 and n | m),NONVANISHING,,,,,
e677fe9fcc12,"G1 h0=1 c=1 a=0 n=3 m=3 t=[(1, Fraction(-1, 1)), (2, Fraction(2, 1)), (3, Fraction(1, 1))]",12,3,20,S1_v_cubic|S2_ge3_places,True,0,7,9,NON_COORDINATE,NON_COORDINATE_BY_R,2,EXACT-G1,4,0,i,residues nonzero,nonzero residues at the 3 places over y = 0 (n >= 2 and n | m),NONVANISHING,,,,,
33222fa91c9e,"G1 h0=-3 c=1 a=2 n=4 m=3 t=[(0, Fraction(2, 1))]",7,3,20,S1_v_cubic|S2_ge3_places|S3_positive_genus,True,0,6,6,NON_COORDINATE,NON_COORDINATE_BY_R,2,EXACT-G1,3,1,iii,0,nonzero holomorphic 1-form on a compact curve of genus 1,NONVANISHING,,,,,
9007d0bc823a,"G1 h0=-1 c=3 a=0 n=4 m=3 t=[(0, Fraction(-3, 1)), (1, Fraction(2, 1))]",7,3,13,S1_v_cubic|S2_ge3_places|S3_positive_genus,True,0,6,6,NON_COORDINATE,NON_COORDINATE_BY_R,2,EXACT-G1,3,1,iii,0,nonzero holomorphic 1-form on a compact curve of genus 1,NONVANISHING,,,,,
bdb685b2061d,"G1 h0=-3 c=-1 a=0 n=4 m=3 t=[(0, Fraction(3, 1)), (1, Fraction(3, 1)), (2, Fraction(2, 1))]",10,3,20,S1_v_cubic|S2_ge3_places|S3_positive_genus,True,0,7,8,NON_COORDINATE,NON_COORDINATE_BY_R,2,EXACT-G1,3,1,iii,0,nonzero holomorphic 1-form on a compact curve of genus 1,NONVANISHING,,,,,
bc9d5e8e187d,"G1 h0=2 c=-2 a=-1 n=4 m=3 t=[(0, Fraction(3, 1)), (2, Fraction(1, 1)), (3, Fraction(3, 1))]",13,3,38,S1_v_cubic|S2_ge3_places|S3_positive_genus|S4_ge3_components,True,0,8,10,NON_COORDINATE,NON_COORDINATE_BY_R,3,EXACT-G1,3,1,iii,0,nonzero holomorphic 1-form on a compact curve of genus 1,NONVANISHING,,,,,
1e6ce83390d9,"G1 h0=2 c=-2 a=2 n=5 m=3 t=[(0, Fraction(3, 1))]",8,3,24,S1_v_cubic|S3_positive_genus,True,0,7,7,NON_COORDINATE,NON_COORDINATE_BY_R,2,EXACT-G1,2,2,iii,0,nonzero holomorphic 1-form on a compact curve of genus 2,NONVANISHING,,,,,
7f37839aa68b,"G1 h0=-3 c=3 a=-1 n=5 m=3 t=[(1, Fraction(-1, 1))]",8,3,26,S1_v_cubic|S3_positive_genus,True,0,7,7,NON_COORDINATE,NON_COORDINATE_BY_R,2,EXACT-G1,2,2,iii,0,nonzero holomorphic 1-form on a compact curve of genus 2,NONVANISHING,,,,,
ecbdb9b88498,"G1 h0=1 c=-2 a=0 n=5 m=3 t=[(0, Fraction(-2, 1)), (1, Fraction(3, 1)), (2, Fraction(1, 1))]",11,3,20,S1_v_cubic|S3_positive_genus,True,0,8,9,NON_COORDINATE,NON_COORDINATE_BY_R,2,EXACT-G1,2,2,iii,0,nonzero holomorphic 1-form on a compact curve of genus 2,NONVANISHING,,,,,
587bdfb02da7,"G1 h0=-1 c=1 a=0 n=5 m=3 t=[(0, Fraction(-3, 1)), (1, Fraction(3, 1)), (2, Fraction(-2, 1)), (3, Fraction(-2, 1))]",14,3,26,S1_v_cubic|S3_positive_genus,True,0,9,11,NON_COORDINATE,NON_COORDINATE_BY_R,2,EXACT-G1,2,2,iii,0,nonzero holomorphic 1-form on a compact curve of genus 2,NONVANISHING,,,,,
0330173bb57b,"G1 h0=2 c=3 a=0 n=6 m=3 t=[(0, Fraction(3, 1))]",9,3,6,S1_v_cubic|S2_ge3_places|S3_positive_genus,True,0,8,8,NON_COORDINATE,NON_COORDINATE_BY_R,2,EXACT-G1,5,1,iii,0,nonzero holomorphic 1-form on a compact curve of genus 1,NONVANISHING,,,,,
a45dc650e539,"G1 h0=2 c=2 a=0 n=6 m=3 t=[(0, Fraction(-1, 1)), (1, Fraction(1, 1))]",9,3,13,S1_v_cubic|S2_ge3_places|S3_positive_genus,True,0,8,8,NON_COORDINATE,NON_COORDINATE_BY_R,2,EXACT-G1,5,1,iii,0,nonzero holomorphic 1-form on a compact curve of genus 1,NONVANISHING,,,,,
0948ec9eb06f,"G1 h0=-1 c=3 a=1 n=6 m=3 t=[(0, Fraction(-3, 1)), (1, Fraction(-1, 1)), (2, Fraction(-2, 1))]",12,3,40,S1_v_cubic|S2_ge3_places|S3_positive_genus,True,0,9,10,NON_COORDINATE,NON_COORDINATE_BY_R,2,EXACT-G1,5,1,iii,0,nonzero holomorphic 1-form on a compact curve of genus 1,NONVANISHING,,,,,
106e62f0bd96,"G1 h0=-3 c=3 a=1 n=6 m=3 t=[(0, Fraction(3, 1)), (1, Fraction(1, 1)), (3, Fraction(-1, 1))]",15,3,46,S1_v_cubic|S2_ge3_places|S3_positive_genus|S4_ge3_components,True,0,10,12,NON_COORDINATE,NON_COORDINATE_BY_R,3,EXACT-G1,5,1,iii,0,nonzero holomorphic 1-form on a compact curve of genus 1,NONVANISHING,,,,,
dd3a8817d75c,"G1 h0=-3 c=-2 a=0 n=7 m=3 t=[(0, Fraction(-3, 1))]",10,3,6,S1_v_cubic|S3_positive_genus,True,0,9,9,NON_COORDINATE,NON_COORDINATE_BY_R,2,EXACT-G1,2,3,iii,0,nonzero holomorphic 1-form on a compact curve of genus 3,NONVANISHING,,,,,
1f738a65df9d,"G1 h0=-1 c=2 a=2 n=7 m=3 t=[(1, Fraction(-1, 1))]",10,3,34,S1_v_cubic|S3_positive_genus,True,0,9,9,NON_COORDINATE,NON_COORDINATE_BY_R,2,EXACT-G1,2,3,iii,0,nonzero holomorphic 1-form on a compact curve of genus 3,NONVANISHING,,,,,
275ecb5da76a,"G1 h0=1 c=2 a=2 n=7 m=3 t=[(0, Fraction(-3, 1)), (2, Fraction(-2, 1))]",13,3,44,S1_v_cubic|S3_positive_genus,True,0,10,11,NON_COORDINATE,NON_COORDINATE_BY_R,2,EXACT-G1,2,3,iii,0,nonzero holomorphic 1-form on a compact curve of genus 3,NONVANISHING,,,,,
353c6225a956,"G1 h0=2 c=-2 a=-1 n=7 m=3 t=[(0, Fraction(2, 1)), (1, Fraction(-3, 1)), (3, Fraction(-3, 1))]",16,3,49,S1_v_cubic|S3_positive_genus,True,0,11,13,NON_COORDINATE,NON_COORDINATE_BY_R,2,EXACT-G1,2,3,iii,0,nonzero holomorphic 1-form on a compact curve of genus 3,NONVANISHING,,,,,
e988b814c8c4,"G1 h0=-1 c=1 a=0 n=8 m=3 t=[(0, Fraction(2, 1))]",11,3,6,S1_v_cubic|S2_ge3_places|S3_positive_genus|S4_ge3_components,True,0,10,10,NON_COORDINATE,NON_COORDINATE_BY_R,3,EXACT-G1,3,3,iii,0,nonzero holomorphic 1-form on a compact curve of genus 3,NONVANISHING,,,,,
9a12b04908a0,"G1 h0=-1 c=-1 a=0 n=8 m=3 t=[(0, Fraction(3, 1)), (1, Fraction(2, 1))]",11,3,13,S1_v_cubic|S2_ge3_places|S3_positive_genus,True,0,10,10,NON_COORDINATE,NON_COORDINATE_BY_R,2,EXACT-G1,3,3,iii,0,nonzero holomorphic 1-form on a compact curve of genus 3,NONVANISHING,,,,,
1d239c9ed088,"G1 h0=-3 c=2 a=1 n=8 m=3 t=[(0, Fraction(1, 1)), (1, Fraction(-2, 1)), (2, Fraction(-2, 1))]",14,3,47,S1_v_cubic|S2_ge3_places|S3_positive_genus,True,0,11,12,NON_COORDINATE,NON_COORDINATE_BY_R,2,EXACT-G1,3,3,iii,0,nonzero holomorphic 1-form on a compact curve of genus 3,NONVANISHING,,,,,
ce21412d57f3,"G1 h0=-3 c=2 a=1 n=8 m=3 t=[(0, Fraction(2, 1)), (1, Fraction(2, 1)), (2, Fraction(-3, 1)), (3, Fraction(-3, 1))]",17,3,53,S1_v_cubic|S2_ge3_places|S3_positive_genus,True,0,12,14,NON_COORDINATE,NON_COORDINATE_BY_R,2,EXACT-G1,3,3,iii,0,nonzero holomorphic 1-form on a compact curve of genus 3,NONVANISHING,,,,,
977111c265bd,"G1 h0=-1 c=1 a=0 n=9 m=3 t=[(0, Fraction(-1, 1))]",12,3,6,S1_v_cubic|S2_ge3_places|S3_positive_genus,True,0,11,11,NON_COORDINATE,NON_COORDINATE_BY_R,2,EXACT-G1,4,3,iii,0,nonzero holomorphic 1-form on a compact curve of genus 3,NONVANISHING,,,,,
06626a6141b7,"G1 h0=1 c=-1 a=-1 n=9 m=3 t=[(0, Fraction(-1, 1)), (1, Fraction(-3, 1))]",12,3,46,S1_v_cubic|S2_ge3_places|S3_positive_genus,True,0,11,11,NON_COORDINATE,NON_COORDINATE_BY_R,2,EXACT-G1,4,3,iii,0,nonzero holomorphic 1-form on a compact curve of genus 3,NONVANISHING,,,,,
7af2ef93cdcd,"G1 h0=2 c=1 a=1 n=9 m=3 t=[(0, Fraction(3, 1)), (1, Fraction(3, 1)), (2, Fraction(1, 1))]",15,3,50,S1_v_cubic|S2_ge3_places|S3_positive_genus,True,0,12,13,NON_COORDINATE,NON_COORDINATE_BY_R,2,EXACT-G1,4,3,iii,0,nonzero holomorphic 1-form on a compact curve of genus 3,NONVANISHING,,,,,
01b9a2cdaac1,"G1 h0=2 c=2 a=1 n=9 m=3 t=[(0, Fraction(-1, 1)), (1, Fraction(-2, 1)), (2, Fraction(3, 1)), (3, Fraction(2, 1))]",18,3,58,S1_v_cubic|S2_ge3_places|S3_positive_genus,True,0,13,15,NON_COORDINATE,NON_COORDINATE_BY_R,2,EXACT-G1,4,3,iii,0,nonzero holomorphic 1-form on a compact curve of genus 3,NONVANISHING,,,,,
0d78a05cc620,"G1 h0=1 c=3 a=0 n=10 m=3 t=[(0, Fraction(2, 1))]",13,3,6,S1_v_cubic|S2_ge3_places|S3_positive_genus,True,0,12,12,NON_COORDINATE,NON_COORDINATE_BY_R,2,EXACT-G1,3,4,iii,0,nonzero holomorphic 1-form on a compact curve of genus 4,NONVANISHING,,,,,
2717a09d7796,"G1 h0=-1 c=3 a=2 n=10 m=3 t=[(0, Fraction(2, 1)), (1, Fraction(2, 1))]",13,3,50,S1_v_cubic|S2_ge3_places|S3_positive_genus,True,0,12,12,NON_COORDINATE,NON_COORDINATE_BY_R,2,EXACT-G1,3,4,iii,0,nonzero holomorphic 1-form on a compact curve of genus 4,NONVANISHING,,,,,
3a6e56585a26,"G1 h0=2 c=1 a=-1 n=10 m=3 t=[(0, Fraction(-1, 1)), (1, Fraction(-3, 1)), (2, Fraction(1, 1))]",16,3,56,S1_v_cubic|S2_ge3_places|S3_positive_genus,True,0,13,14,NON_COORDINATE,NON_COORDINATE_BY_R,2,EXACT-G1,3,4,iii,0,nonzero holomorphic 1-form on a compact curve of genus 4,NONVANISHING,,,,,
51cfedfb0773,"G1 h0=-1 c=2 a=0 n=10 m=3 t=[(0, Fraction(2, 1)), (1, Fraction(3, 1)), (2, Fraction(2, 1)), (3, Fraction(1, 1))]",19,3,27,S1_v_cubic|S2_ge3_places|S3_positive_genus,True,0,14,16,NON_COORDINATE,NON_COORDINATE_BY_R,2,EXACT-G1,3,4,iii,0,nonzero holomorphic 1-form on a compact curve of genus 4,NONVANISHING,,,,,
fbdc0f70154a,"G1 h0=1 c=2 a=-1 n=11 m=3 t=[(0, Fraction(-3, 1))]",14,3,48,S1_v_cubic|S3_positive_genus,True,0,13,13,NON_COORDINATE,NON_COORDINATE_BY_R,2,EXACT-G1,2,5,iii,0,nonzero holomorphic 1-form on a compact curve of genus 5,NONVANISHING,,,,,
020642fffc09,"G1 h0=2 c=3 a=0 n=11 m=3 t=[(0, Fraction(-2, 1)), (1, Fraction(-2, 1))]",14,3,13,S1_v_cubic|S3_positive_genus,True,0,13,13,NON_COORDINATE,NON_COORDINATE_BY_R,2,EXACT-G1,2,5,iii,0,nonzero holomorphic 1-form on a compact curve of genus 5,NONVANISHING,,,,,
d3584885a1c7,"G1 h0=2 c=-2 a=-1 n=11 m=3 t=[(0, Fraction(-2, 1)), (1, Fraction(-2, 1)), (2, Fraction(-1, 1))]",17,3,59,S1_v_cubic|S3_positive_genus,True,0,14,15,NON_COORDINATE,NON_COORDINATE_BY_R,2,EXACT-G1,2,5,iii,0,nonzero holomorphic 1-form on a compact curve of genus 5,NONVANISHING,,,,,
f496b882aa1b,"G1 h0=-3 c=1 a=0 n=11 m=3 t=[(0, Fraction(-1, 1)), (1, Fraction(2, 1)), (2, Fraction(3, 1)), (3, Fraction(3, 1))]",20,3,27,S1_v_cubic|S3_positive_genus,True,0,15,17,NON_COORDINATE,NON_COORDINATE_BY_R,2,EXACT-G1,2,5,iii,0,nonzero holomorphic 1-form on a compact curve of genus 5,NONVANISHING,,,,,
c136b147d17d,"G1 h0=2 c=2 a=0 n=12 m=3 t=[(0, Fraction(2, 1))]",15,3,6,S1_v_cubic|S2_ge3_places|S3_positive_genus,True,0,14,14,NON_COORDINATE,NON_COORDINATE_BY_R,2,EXACT-G1,5,4,iii,0,nonzero holomorphic 1-form on a compact curve of genus 4,NONVANISHING,,,,,
ad4fac05626d,"G1 h0=-1 c=1 a=0 n=12 m=3 t=[(0, Fraction(3, 1)), (1, Fraction(-1, 1))]",15,3,13,S1_v_cubic|S2_ge3_places|S3_positive_genus|S4_ge3_components,True,0,14,14,NON_COORDINATE,NON_COORDINATE_BY_R,3,EXACT-G1,5,4,iii,0,nonzero holomorphic 1-form on a compact curve of genus 4,NONVANISHING,,,,,
737233833781,"G1 h0=1 c=-2 a=-1 n=12 m=3 t=[(0, Fraction(-3, 1)), (1, Fraction(3, 1)), (2, Fraction(-3, 1))]",18,3,64,S1_v_cubic|S2_ge3_places|S3_positive_genus,True,0,15,16,NON_COORDINATE,NON_COORDINATE_BY_R,2,EXACT-G1,5,4,iii,0,nonzero holomorphic 1-form on a compact curve of genus 4,NONVANISHING,,,,,
1c7e62a96c58,"G1 h0=1 c=2 a=0 n=12 m=3 t=[(0, Fraction(3, 1)), (1, Fraction(1, 1)), (2, Fraction(-1, 1)), (3, Fraction(2, 1))]",21,3,27,S1_v_cubic|S2_ge3_places|S3_positive_genus,True,0,16,18,NON_COORDINATE,NON_COORDINATE_BY_R,2,EXACT-G1,5,4,iii,0,nonzero holomorphic 1-form on a compact curve of genus 4,NONVANISHING,,,,,
7f2b3c396f45,"G1 h0=-1 c=1 a=2 n=1 m=4 t=[(0, Fraction(2, 1))]",5,4,10,v_power_m4,True,0,4,4,NON_COORDINATE,NON_COORDINATE_BY_R,2,EXACT-G1,2,0,ii,0,all residues zero and the compact model is P^1,VANISHING,EMPTY_all_stages,10,lambda_exact,43,True
abc13407cc8e,"G1 h0=-3 c=2 a=-1 n=1 m=4 t=[(0, Fraction(-1, 1)), (1, Fraction(1, 1))]",5,4,18,v_power_m4,True,0,4,4,NON_COORDINATE,NON_COORDINATE_BY_R,2,EXACT-G1,2,0,ii,0,all residues zero and the compact model is P^1,VANISHING,EMPTY_all_stages,10,lambda_exact,36,True
55a9ae0456b4,"G1 h0=-1 c=3 a=1 n=1 m=4 t=[(0, Fraction(2, 1)), (1, Fraction(-3, 1)), (2, Fraction(-2, 1))]",9,4,30,v_power_m4,True,0,6,7,NON_COORDINATE,NON_COORDINATE_BY_R,2,EXACT-G1,2,0,ii,0,all residues zero and the compact model is P^1,VANISHING,EMPTY_all_stages,18,lambda_exact,151,True
632afa8e6433,"G1 h0=2 c=3 a=1 n=1 m=4 t=[(0, Fraction(-2, 1)), (1, Fraction(-1, 1)), (2, Fraction(3, 1)), (3, Fraction(3, 1))]",13,4,38,v_power_m4,True,0,8,10,NON_COORDINATE,NON_COORDINATE_BY_R,2,EXACT-G1,2,0,ii,0,all residues zero and the compact model is P^1,VANISHING,EMPTY_all_stages,26,lambda_exact,283,True
6f8009515697,G1 h0=-1 c=-1 a=0 n=2 m=4 t=[],6,4,2,v_power_m4|S2_ge3_places,True,0,5,5,NON_COORDINATE,NON_COORDINATE_BY_R,2,EXACT-G1,3,0,i,residues nonzero,nonzero residues at the 2 places over y = 0 (n >= 2 and n | m),NONVANISHING,,,,,
83bcbbd0e33e,"G1 h0=-1 c=2 a=0 n=2 m=4 t=[(0, Fraction(3, 1)), (1, Fraction(2, 1))]",6,4,18,v_power_m4|S2_ge3_places,True,0,5,5,NON_COORDINATE,NON_COORDINATE_BY_R,2,EXACT-G1,3,0,i,residues nonzero,nonzero residues at the 2 places over y = 0 (n >= 2 and n | m),NONVANISHING,,,,,
9907eab03fae,"G1 h0=1 c=-1 a=0 n=2 m=4 t=[(1, Fraction(3, 1)), (2, Fraction(-2, 1))]",10,4,18,v_power_m4|S2_ge3_places,True,0,7,8,NON_COORDINATE,NON_COORDINATE_BY_R,2,EXACT-G1,3,0,i,residues nonzero,nonzero residues at the 2 places over y = 0 (n >= 2 and n | m),NONVANISHING,,,,,
0ab66b75b014,"G1 h0=1 c=1 a=1 n=2 m=4 t=[(0, Fraction(-1, 1)), (1, Fraction(2, 1)), (2, Fraction(-1, 1)), (3, Fraction(3, 1))]",14,4,45,v_power_m4|S2_ge3_places,True,0,9,11,NON_COORDINATE,NON_COORDINATE_BY_R,2,EXACT-G1,3,0,i,residues nonzero,nonzero residues at the 2 places over y = 0 (n >= 2 and n | m),NONVANISHING,,,,,
7b72f1effa40,G1 h0=-1 c=-1 a=1 n=3 m=4 t=[],7,4,5,v_power_m4|S2_ge3_places|S4_ge3_components,True,0,6,6,NON_COORDINATE,NON_COORDINATE_BY_R,3,EXACT-G1,4,0,ii,0,all residues zero and the compact model is P^1,VANISHING,EMPTY_all_stages,14,lambda_exact,20,True
cd46f9341dc7,"G1 h0=2 c=3 a=0 n=3 m=4 t=[(0, Fraction(2, 1)), (1, Fraction(-1, 1))]",7,4,18,v_power_m4|S2_ge3_places,True,0,6,6,NON_COORDINATE,NON_COORDINATE_BY_R,2,EXACT-G1,4,0,ii,0,all residues zero and the compact model is P^1,VANISHING,EMPTY_all_stages,14,lambda_exact,76,True
3bd161cf7a22,"G1 h0=-1 c=2 a=0 n=3 m=4 t=[(0, Fraction(1, 1)), (1, Fraction(-3, 1)), (2, Fraction(-2, 1))]",11,4,29,v_power_m4|S2_ge3_places,True,0,8,9,NON_COORDINATE,NON_COORDINATE_BY_R,2,EXACT-G1,4,0,ii,0,all residues zero and the compact model is P^1,VANISHING,EMPTY_all_stages,22,lambda_exact,144,True
d735085d2c22,"G1 h0=1 c=1 a=-1 n=3 m=4 t=[(0, Fraction(1, 1)), (1, Fraction(2, 1)), (2, Fraction(-1, 1)), (3, Fraction(-1, 1))]",15,4,50,v_power_m4|S2_ge3_places|S4_ge3_components,True,0,10,12,NON_COORDINATE,NON_COORDINATE_BY_R,3,EXACT-G1,4,0,ii,0,all residues zero and the compact model is P^1,VANISHING,EMPTY_all_stages,30,lambda_exact,385,True
106f49e2c101,"G1 h0=-1 c=3 a=-1 n=4 m=4 t=[(0, Fraction(-2, 1))]",8,4,25,v_power_m4|S2_ge3_places,True,0,7,7,NON_COORDINATE,NON_COORDINATE_BY_R,2,EXACT-G1,5,0,i,residues nonzero,nonzero residues at the 4 places over y = 0 (n >= 2 and n | m),NONVANISHING,,,,,
d8ec9303d095,"G1 h0=1 c=1 a=2 n=4 m=4 t=[(0, Fraction(2, 1)), (1, Fraction(-1, 1))]",8,4,35,v_power_m4|S2_ge3_places,True,0,7,7,NON_COORDINATE,NON_COORDINATE_BY_R,2,EXACT-G1,5,0,i,residues nonzero,nonzero residues at the 4 places over y = 0 (n >= 2 and n | m),NONVANISHING,,,,,
1c9089909227,"G1 h0=1 c=-1 a=0 n=4 m=4 t=[(1, Fraction(-2, 1)), (2, Fraction(2, 1))]",12,4,18,v_power_m4|S2_ge3_places,True,0,9,10,NON_COORDINATE,NON_COORDINATE_BY_R,2,EXACT-G1,5,0,i,residues nonzero,nonzero residues at the 4 places over y = 0 (n >= 2 and n | m),NONVANISHING,,,,,
dd50b3fa0d4e,"G1 h0=-1 c=-1 a=2 n=4 m=4 t=[(0, Fraction(2, 1)), (1, Fraction(-3, 1)), (2, Fraction(1, 1)), (3, Fraction(1, 1))]",16,4,55,v_power_m4|S2_ge3_places,True,0,11,13,NON_COORDINATE,NON_COORDINATE_BY_R,2,EXACT-G1,5,0,i,residues nonzero,nonzero residues at the 4 places over y = 0 (n >= 2 and n | m),NONVANISHING,,,,,
df144b857ca5,"G1 h0=-1 c=-1 a=1 n=5 m=4 t=[(0, Fraction(-3, 1))]",9,4,30,v_power_m4|S3_positive_genus,True,0,8,8,NON_COORDINATE,NON_COORDINATE_BY_R,2,EXACT-G1,2,2,iii,0,nonzero holomorphic 1-form on a compact curve of genus 2,NONVANISHING,,,,,
faf56dc2a01c,"G1 h0=1 c=-2 a=1 n=5 m=4 t=[(0, Fraction(-2, 1)), (1, Fraction(-2, 1))]",9,4,38,v_power_m4|S3_positive_genus,True,0,8,8,NON_COORDINATE,NON_COORDINATE_BY_R,2,EXACT-G1,2,2,iii,0,nonzero holomorphic 1-form on a compact curve of genus 2,NONVANISHING,,,,,
5a3c5b32b758,"G1 h0=-1 c=1 a=0 n=5 m=4 t=[(0, Fraction(-3, 1)), (1, Fraction(-3, 1)), (2, Fraction(2, 1))]",13,4,29,v_power_m4|S3_positive_genus,True,0,10,11,NON_COORDINATE,NON_COORDINATE_BY_R,2,EXACT-G1,2,2,iii,0,nonzero holomorphic 1-form on a compact curve of genus 2,NONVANISHING,,,,,
ceae129dc67f,"G1 h0=-3 c=2 a=0 n=5 m=4 t=[(0, Fraction(-1, 1)), (1, Fraction(2, 1)), (2, Fraction(-1, 1)), (3, Fraction(1, 1))]",17,4,40,v_power_m4|S3_positive_genus,True,0,12,14,NON_COORDINATE,NON_COORDINATE_BY_R,2,EXACT-G1,2,2,iii,0,nonzero holomorphic 1-form on a compact curve of genus 2,NONVANISHING,,,,,
76d339843608,G1 h0=-3 c=1 a=1 n=6 m=4 t=[],10,4,8,v_power_m4|S2_ge3_places|S3_positive_genus,True,0,9,9,NON_COORDINATE,NON_COORDINATE_BY_R,2,EXACT-G1,5,1,iii,0,nonzero holomorphic 1-form on a compact curve of genus 1,NONVANISHING,,,,,
74abcb4ef657,"G1 h0=-3 c=2 a=2 n=6 m=4 t=[(0, Fraction(-2, 1)), (1, Fraction(-2, 1))]",10,4,44,v_power_m4|S2_ge3_places|S3_positive_genus,True,0,9,9,NON_COORDINATE,NON_COORDINATE_BY_R,2,EXACT-G1,5,1,iii,0,nonzero holomorphic 1-form on a compact curve of genus 1,NONVANISHING,,,,,
1772b42d88bf,"G1 h0=2 c=-2 a=2 n=6 m=4 t=[(0, Fraction(-1, 1)), (1, Fraction(-1, 1)), (2, Fraction(-1, 1))]",14,4,54,v_power_m4|S2_ge3_places|S3_positive_genus|S4_ge3_components,True,0,11,12,NON_COORDINATE,NON_COORDINATE_BY_R,3,EXACT-G1,5,1,iii,0,nonzero holomorphic 1-form on a compact curve of genus 1,NONVANISHING,,,,,
4fd90e5620b3,"G1 h0=-3 c=-2 a=2 n=6 m=4 t=[(0, Fraction(2, 1)), (1, Fraction(-3, 1)), (2, Fraction(1, 1)), (3, Fraction(3, 1))]",18,4,65,v_power_m4|S2_ge3_places|S3_positive_genus,True,0,13,15,NON_COORDINATE,NON_COORDINATE_BY_R,2,EXACT-G1,5,1,iii,0,nonzero holomorphic 1-form on a compact curve of genus 1,NONVANISHING,,,,,
91d5129f7df3,G1 h0=1 c=-2 a=0 n=7 m=4 t=[],11,4,2,v_power_m4|S3_positive_genus,True,0,10,10,NON_COORDINATE,NON_COORDINATE_BY_R,2,EXACT-G1,2,3,iii,0,nonzero holomorphic 1-form on a compact curve of genus 3,NONVANISHING,,,,,
643a63c2ed27,"G1 h0=2 c=1 a=2 n=7 m=4 t=[(0, Fraction(3, 1)), (1, Fraction(-2, 1))]",11,4,50,v_power_m4|S3_positive_genus,True,0,10,10,NON_COORDINATE,NON_COORDINATE_BY_R,2,EXACT-G1,2,3,iii,0,nonzero holomorphic 1-form on a compact curve of genus 3,NONVANISHING,,,,,
c3182201469a,"G1 h0=-1 c=1 a=0 n=7 m=4 t=[(0, Fraction(3, 1)), (1, Fraction(3, 1)), (2, Fraction(-1, 1))]",15,4,27,v_power_m4|S3_positive_genus,True,0,12,13,NON_COORDINATE,NON_COORDINATE_BY_R,2,EXACT-G1,2,3,iii,0,nonzero holomorphic 1-form on a compact curve of genus 3,NONVANISHING,,,,,
f7fe335f39aa,"G1 h0=2 c=2 a=2 n=7 m=4 t=[(0, Fraction(-1, 1)), (1, Fraction(2, 1)), (2, Fraction(2, 1)), (3, Fraction(-3, 1))]",19,4,70,v_power_m4|S3_positive_genus,True,0,14,16,NON_COORDINATE,NON_COORDINATE_BY_R,2,EXACT-G1,2,3,iii,0,nonzero holomorphic 1-form on a compact curve of genus 3,NONVANISHING,,,,,
7d82d7dce06e,"G1 h0=2 c=3 a=-1 n=8 m=4 t=[(0, Fraction(1, 1))]",12,4,45,v_power_m4|S2_ge3_places|S3_positive_genus,True,0,11,11,NON_COORDINATE,NON_COORDINATE_BY_R,2,EXACT-G1,5,2,iii,0,nonzero holomorphic 1-form on a compact curve of genus 2,NONVANISHING,,,,,
71e14c0ca822,"G1 h0=-1 c=2 a=0 n=8 m=4 t=[(0, Fraction(3, 1)), (1, Fraction(1, 1))]",12,4,18,v_power_m4|S2_ge3_places|S3_positive_genus,True,0,11,11,NON_COORDINATE,NON_COORDINATE_BY_R,2,EXACT-G1,5,2,iii,0,nonzero holomorphic 1-form on a compact curve of genus 2,NONVANISHING,,,,,
184c860c5fbc,"G1 h0=-1 c=1 a=-1 n=8 m=4 t=[(0, Fraction(2, 1)), (1, Fraction(2, 1)), (2, Fraction(-1, 1))]",16,4,63,v_power_m4|S2_ge3_places|S3_positive_genus,True,0,13,14,NON_COORDINATE,NON_COORDINATE_BY_R,2,EXACT-G1,5,2,iii,0,nonzero holomorphic 1-form on a compact curve of genus 2,NONVANISHING,,,,,
90d205d64ed6,"G1 h0=-1 c=3 a=1 n=8 m=4 t=[(0, Fraction(2, 1)), (1, Fraction(-2, 1)), (2, Fraction(-3, 1)), (3, Fraction(1, 1))]",20,4,75,v_power_m4|S2_ge3_places|S3_positive_genus,True,0,15,17,NON_COORDINATE,NON_COORDINATE_BY_R,2,EXACT-G1,5,2,iii,0,nonzero holomorphic 1-form on a compact curve of genus 2,NONVANISHING,,,,,
a56134c453cb,"G1 h0=1 c=-1 a=0 n=9 m=4 t=[(0, Fraction(1, 1))]",13,4,7,v_power_m4|S2_ge3_places|S3_positive_genus|S4_ge3_components,True,0,12,12,NON_COORDINATE,NON_COORDINATE_BY_R,3,EXACT-G1,4,3,iii,0,nonzero holomorphic 1-form on a compact curve of genus 3,NONVANISHING,,,,,
b8e668560045,"G1 h0=-1 c=1 a=-1 n=9 m=4 t=[(0, Fraction(2, 1)), (1, Fraction(2, 1))]",13,4,59,v_power_m4|S2_ge3_places|S3_positive_genus|S4_ge3_components,True,0,12,12,NON_COORDINATE,NON_COORDINATE_BY_R,3,EXACT-G1,4,3,iii,0,nonzero holomorphic 1-form on a compact curve of genus 3,NONVANISHING,,,,,
4042d04b11cd,"G1 h0=1 c=-2 a=0 n=9 m=4 t=[(0, Fraction(-1, 1)), (1, Fraction(-3, 1)), (2, Fraction(-2, 1))]",17,4,29,v_power_m4|S2_ge3_places|S3_positive_genus,True,0,14,15,NON_COORDINATE,NON_COORDINATE_BY_R,2,EXACT-G1,4,3,iii,0,nonzero holomorphic 1-form on a compact curve of genus 3,NONVANISHING,,,,,
1307c3198af1,"G1 h0=2 c=3 a=0 n=9 m=4 t=[(0, Fraction(-1, 1)), (1, Fraction(-1, 1)), (2, Fraction(3, 1)), (3, Fraction(2, 1))]",21,4,40,v_power_m4|S2_ge3_places|S3_positive_genus,True,0,16,18,NON_COORDINATE,NON_COORDINATE_BY_R,2,EXACT-G1,4,3,iii,0,nonzero holomorphic 1-form on a compact curve of genus 3,NONVANISHING,,,,,
17ef205ae1be,"G1 h0=1 c=-1 a=1 n=10 m=4 t=[(0, Fraction(1, 1))]",14,4,55,v_power_m4|S2_ge3_places|S3_positive_genus,True,0,13,13,NON_COORDINATE,NON_COORDINATE_BY_R,2,EXACT-G1,3,4,iii,0,nonzero holomorphic 1-form on a compact curve of genus 4,NONVANISHING,,,,,
1dba6f38ee3b,"G1 h0=-1 c=1 a=2 n=10 m=4 t=[(0, Fraction(2, 1)), (1, Fraction(2, 1))]",14,4,65,v_power_m4|S2_ge3_places|S3_positive_genus,True,0,13,13,NON_COORDINATE,NON_COORDINATE_BY_R,2,EXACT-G1,3,4,iii,0,nonzero holomorphic 1-form on a compact curve of genus 4,NONVANISHING,,,,,
a45b5df58f56,"G1 h0=-3 c=-1 a=0 n=10 m=4 t=[(0, Fraction(3, 1)), (1, Fraction(1, 1)), (2, Fraction(-3, 1))]",18,4,29,v_power_m4|S2_ge3_places|S3_positive_genus,True,0,15,16,NON_COORDINATE,NON_COORDINATE_BY_R,2,EXACT-G1,3,4,iii,0,nonzero holomorphic 1-form on a compact curve of genus 4,NONVANISHING,,,,,
9a0f44d12250,"G1 h0=-3 c=-2 a=0 n=10 m=4 t=[(0, Fraction(-1, 1)), (2, Fraction(2, 1)), (3, Fraction(-2, 1))]",22,4,35,v_power_m4|S2_ge3_places|S3_positive_genus,True,0,17,19,NON_COORDINATE,NON_COORDINATE_BY_R,2,EXACT-G1,3,4,iii,0,nonzero holomorphic 1-form on a compact curve of genus 4,NONVANISHING,,,,,
386bb25a6bc1,"G1 h0=-1 c=1 a=-1 n=11 m=4 t=[(0, Fraction(3, 1))]",15,4,60,v_power_m4|S3_positive_genus,True,0,14,14,NON_COORDINATE,NON_COORDINATE_BY_R,2,EXACT-G1,2,5,iii,0,nonzero holomorphic 1-form on a compact curve of genus 5,NONVANISHING,,,,,
d48bbec00ae0,"G1 h0=1 c=2 a=2 n=11 m=4 t=[(0, Fraction(-1, 1)), (1, Fraction(3, 1))]",15,4,70,v_power_m4|S3_positive_genus,True,0,14,14,NON_COORDINATE,NON_COORDINATE_BY_R,2,EXACT-G1,2,5,iii,0,nonzero holomorphic 1-form on a compact curve of genus 5,NONVANISHING,,,,,
ccdb4de148fd,"G1 h0=-3 c=-2 a=0 n=11 m=4 t=[(0, Fraction(-3, 1)), (1, Fraction(-2, 1)), (2, Fraction(1, 1))]",19,4,29,v_power_m4|S3_positive_genus,True,0,16,17,NON_COORDINATE,NON_COORDINATE_BY_R,2,EXACT-G1,2,5,iii,0,nonzero holomorphic 1-form on a compact curve of genus 5,NONVANISHING,,,,,
2750ef21f9d7,"G1 h0=-3 c=-1 a=0 n=11 m=4 t=[(0, Fraction(-1, 1)), (1, Fraction(3, 1)), (2, Fraction(3, 1)), (3, Fraction(-1, 1))]",23,4,40,v_power_m4|S3_positive_genus,True,0,18,20,NON_COORDINATE,NON_COORDINATE_BY_R,2,EXACT-G1,2,5,iii,0,nonzero holomorphic 1-form on a compact curve of genus 5,NONVANISHING,,,,,
9f1946afb9d8,G1 h0=2 c=-1 a=-1 n=12 m=4 t=[],16,4,14,v_power_m4|S2_ge3_places|S3_positive_genus,True,0,15,15,NON_COORDINATE,NON_COORDINATE_BY_R,2,EXACT-G1,7,3,iii,0,nonzero holomorphic 1-form on a compact curve of genus 3,NONVANISHING,,,,,
cb38b6a14d9e,"G1 h0=2 c=-2 a=2 n=12 m=4 t=[(0, Fraction(2, 1)), (1, Fraction(1, 1))]",16,4,75,v_power_m4|S2_ge3_places|S3_positive_genus|S4_ge3_components,True,0,15,15,NON_COORDINATE,NON_COORDINATE_BY_R,3,EXACT-G1,7,3,iii,0,nonzero holomorphic 1-form on a compact curve of genus 3,NONVANISHING,,,,,
fab02d0bc23d,"G1 h0=-1 c=-1 a=0 n=12 m=4 t=[(0, Fraction(-3, 1)), (1, Fraction(3, 1)), (2, Fraction(3, 1))]",20,4,27,v_power_m4|S2_ge3_places|S3_positive_genus|S4_ge3_components,True,0,17,18,NON_COORDINATE,NON_COORDINATE_BY_R,3,EXACT-G1,7,3,iii,0,nonzero holomorphic 1-form on a compact curve of genus 3,NONVANISHING,,,,,
3ac9d26e9bec,"G1 h0=1 c=2 a=0 n=12 m=4 t=[(0, Fraction(2, 1)), (1, Fraction(3, 1)), (3, Fraction(3, 1))]",24,4,35,v_power_m4|S2_ge3_places|S3_positive_genus,True,0,19,21,NON_COORDINATE,NON_COORDINATE_BY_R,2,EXACT-G1,7,3,iii,0,nonzero holomorphic 1-form on a compact curve of genus 3,NONVANISHING,,,,,
37670b444e89,"G1 h0=-1 c=2 a=0 n=1 m=5 t=[(0, Fraction(1, 1))]",6,5,8,v_power_m5,True,0,5,5,NON_COORDINATE,NON_COORDINATE_BY_R,2,EXACT-G1,2,0,ii,0,all residues zero and the compact model is P^1,VANISHING,EMPTY_all_stages,12,lambda_exact,48,True
00427d4924d2,"G1 h0=-1 c=1 a=-1 n=1 m=5 t=[(0, Fraction(-3, 1)), (1, Fraction(-1, 1))]",6,5,27,v_power_m5,True,0,5,5,NON_COORDINATE,NON_COORDINATE_BY_R,2,EXACT-G1,2,0,ii,0,all residues zero and the compact model is P^1,VANISHING,EMPTY_all_stages,12,lambda_exact,53,True
c8aa6fd84bbc,"G1 h0=1 c=-2 a=1 n=1 m=5 t=[(0, Fraction(3, 1)), (1, Fraction(-1, 1)), (2, Fraction(-1, 1))]",11,5,41,v_power_m5,True,0,8,9,NON_COORDINATE,NON_COORDINATE_BY_R,2,EXACT-G1,2,0,ii,0,all residues zero and the compact model is P^1,VANISHING,EMPTY_all_stages,22,lambda_exact,120,True
f406b3aeda22,"G1 h0=1 c=-1 a=0 n=1 m=5 t=[(0, Fraction(-1, 1)), (1, Fraction(2, 1)), (2, Fraction(-1, 1)), (3, Fraction(-3, 1))]",16,5,53,v_power_m5,True,0,11,13,NON_COORDINATE,NON_COORDINATE_BY_R,2,EXACT-G1,2,0,ii,0,all residues zero and the compact model is P^1,VANISHING,EMPTY_all_stages,32,lambda_exact,396,True
8ccaea9ee461,"G1 h0=-1 c=3 a=0 n=2 m=5 t=[(0, Fraction(2, 1))]",7,5,8,v_power_m5|S2_ge3_places,True,0,6,6,NON_COORDINATE,NON_COORDINATE_BY_R,2,EXACT-G1,3,0,ii,0,all residues zero and the compact model is P^1,VANISHING,EMPTY_all_stages,14,lambda_exact,37,True
e52860893178,"G1 h0=2 c=1 a=2 n=2 m=5 t=[(0, Fraction(2, 1)), (1, Fraction(3, 1))]",7,5,33,v_power_m5|S2_ge3_places,True,0,6,6,NON_COORDINATE,NON_COORDINATE_BY_R,2,EXACT-G1,3,0,ii,0,all residues zero and the compact model is P^1,VANISHING,EMPTY_all_stages,14,lambda_exact,73,True
7887429824c2,"G1 h0=-3 c=1 a=-1 n=2 m=5 t=[(1, Fraction(3, 1)), (2, Fraction(-1, 1))]",12,5,36,v_power_m5|S2_ge3_places,True,0,9,10,NON_COORDINATE,NON_COORDINATE_BY_R,2,EXACT-G1,3,0,ii,0,all residues zero and the compact model is P^1,VANISHING,EMPTY_all_stages,24,lambda_exact,116,True
726da7cd9516,"G1 h0=-1 c=-2 a=0 n=2 m=5 t=[(0, Fraction(3, 1)), (1, Fraction(1, 1)), (2, Fraction(2, 1)), (3, Fraction(1, 1))]",17,5,54,v_power_m5|S2_ge3_places,True,0,12,14,NON_COORDINATE,NON_COORDINATE_BY_R,2,EXACT-G1,3,0,ii,0,all residues zero and the compact model is P^1,VANISHING,EMPTY_all_stages,34,lambda_exact,394,True
1e73a463f43e,"G1 h0=-3 c=-2 a=0 n=3 m=5 t=[(0, Fraction(-3, 1))]",8,5,8,v_power_m5|S3_positive_genus,True,0,7,7,NON_COORDINATE,NON_COORDINATE_BY_R,2,EXACT-G1+NUM-MONO(normal form),2,1,iv,0,"second-kind differential, genus 1",NONVANISHING,,,,,
f8e1b2140ca2,"G1 h0=1 c=1 a=0 n=3 m=5 t=[(1, Fraction(3, 1))]",8,5,8,v_power_m5|S3_positive_genus,True,0,7,7,NON_COORDINATE,NON_COORDINATE_BY_R,2,EXACT-G1+NUM-MONO(normal form),2,1,iv,0,"second-kind differential, genus 1",NONVANISHING,,,,,
d15c6a3d3838,"G1 h0=2 c=-1 a=0 n=3 m=5 t=[(0, Fraction(-3, 1)), (1, Fraction(-1, 1)), (2, Fraction(1, 1))]",13,5,40,v_power_m5|S3_positive_genus,True,0,10,11,NON_COORDINATE,NON_COORDINATE_BY_R,2,EXACT-G1+NUM-MONO(normal form),2,1,iv,0,"second-kind differential, genus 1",NONVANISHING,,,,,
362d8d22f2de,"G1 h0=-3 c=3 a=2 n=3 m=5 t=[(0, Fraction(-2, 1)), (2, Fraction(-2, 1)), (3, Fraction(1, 1))]",18,5,69,v_power_m5|S3_positive_genus,True,0,13,15,NON_COORDINATE,NON_COORDINATE_BY_R,2,EXACT-G1+NUM-MONO(normal form),2,1,iv,0,"second-kind differential, genus 1",NONVANISHING,,,,,
c4e207c544a0,"G1 h0=1 c=-2 a=2 n=4 m=5 t=[(0, Fraction(-1, 1))]",9,5,30,v_power_m5|S2_ge3_places,True,0,8,8,NON_COORDINATE,NON_COORDINATE_BY_R,2,EXACT-G1,5,0,ii,0,all residues zero and the compact model is P^1,VANISHING,EMPTY_all_stages,18,lambda_exact,143,True
e94c47f785e6,"G1 h0=2 c=-2 a=2 n=4 m=5 t=[(0, Fraction(-3, 1)), (1, Fraction(1, 1))]",9,5,45,v_power_m5|S2_ge3_places|S4_ge3_components,True,0,8,8,NON_COORDINATE,NON_COORDINATE_BY_R,4,EXACT-G1,5,0,ii,0,all residues zero and the compact model is P^1,VANISHING,EMPTY_all_stages,18,lambda_exact,143,True
894a95da1a0d,"G1 h0=-1 c=-2 a=2 n=4 m=5 t=[(0, Fraction(-2, 1)), (1, Fraction(-1, 1)), (2, Fraction(-2, 1))]",14,5,59,v_power_m5|S2_ge3_places,True,0,11,12,NON_COORDINATE,NON_COORDINATE_BY_R,2,EXACT-G1,5,0,ii,0,all residues zero and the compact model is P^1,VANISHING,EMPTY_all_stages,28,lambda_exact,178,True
1f53638e8cf6,"G1 h0=-3 c=3 a=1 n=4 m=5 t=[(0, Fraction(-2, 1)), (1, Fraction(-3, 1)), (2, Fraction(-3, 1)), (3, Fraction(1, 1))]",19,5,74,v_power_m5|S2_ge3_places|S4_ge3_components,True,0,14,16,NON_COORDINATE,NON_COORDINATE_BY_R,4,EXACT-G1,5,0,ii,0,all residues zero and the compact model is P^1,VANISHING,EMPTY_all_stages,38,lambda_exact,278,True
7143aed93b79,"G1 h0=-3 c=-2 a=-1 n=5 m=5 t=[(0, Fraction(1, 1))]",10,5,36,v_power_m5|S2_ge3_places,True,0,9,9,NON_COORDINATE,NON_COORDINATE_BY_R,2,EXACT-G1,6,0,i,residues nonzero,nonzero residues at the 5 places over y = 0 (n >= 2 and n | m),NONVANISHING,,,,,
c3fc2271b74c,"G1 h0=1 c=1 a=0 n=5 m=5 t=[(0, Fraction(1, 1)), (1, Fraction(-1, 1))]",10,5,24,v_power_m5|S2_ge3_places,True,0,9,9,NON_COORDINATE,NON_COORDINATE_BY_R,2,EXACT-G1,6,0,i,residues nonzero,nonzero residues at the 5 places over y = 0 (n >= 2 and n | m),NONVANISHING,,,,,
bd21eab6d760,"G1 h0=1 c=2 a=0 n=5 m=5 t=[(0, Fraction(-2, 1)), (1, Fraction(1, 1)), (2, Fraction(2, 1))]",15,5,40,v_power_m5|S2_ge3_places,True,0,12,13,NON_COORDINATE,NON_COORDINATE_BY_R,2,EXACT-G1,6,0,i,residues nonzero,nonzero residues at the 5 places over y = 0 (n >= 2 and n | m),NONVANISHING,,,,,
009af0ab3826,"G1 h0=1 c=-2 a=0 n=5 m=5 t=[(0, Fraction(3, 1)), (1, Fraction(2, 1)), (2, Fraction(1, 1)), (3, Fraction(2, 1))]",20,5,56,v_power_m5|S2_ge3_places,True,0,15,17,NON_COORDINATE,NON_COORDINATE_BY_R,2,EXACT-G1,6,0,i,residues nonzero,nonzero residues at the 5 places over y = 0 (n >= 2 and n | m),NONVANISHING,,,,,
87a29aa78ba4,"G1 h0=1 c=1 a=1 n=6 m=5 t=[(0, Fraction(3, 1))]",11,5,42,v_power_m5|S2_ge3_places|S3_positive_genus,True,0,10,10,NON_COORDINATE,NON_COORDINATE_BY_R,2,EXACT-G1,3,2,iii,0,nonzero holomorphic 1-form on a compact curve of genus 2,NONVANISHING,,,,,
46354fee4105,"G1 h0=1 c=-2 a=1 n=6 m=5 t=[(0, Fraction(2, 1)), (1, Fraction(-3, 1))]",11,5,57,v_power_m5|S2_ge3_places|S3_positive_genus,True,0,10,10,NON_COORDINATE,NON_COORDINATE_BY_R,2,EXACT-G1,3,2,iii,0,nonzero holomorphic 1-form on a compact curve of genus 2,NONVANISHING,,,,,
608b338e7a2f,"G1 h0=-3 c=3 a=0 n=6 m=5 t=[(1, Fraction(-2, 1)), (2, Fraction(-3, 1))]",16,5,24,v_power_m5|S2_ge3_places|S3_positive_genus|S4_ge3_components,True,0,13,14,NON_COORDINATE,NON_COORDINATE_BY_R,3,EXACT-G1,3,2,iii,0,nonzero holomorphic 1-form on a compact curve of genus 2,NONVANISHING,,,,,
d65e9b62823d,"G1 h0=1 c=-2 a=2 n=6 m=5 t=[(0, Fraction(3, 1)), (1, Fraction(-1, 1)), (2, Fraction(-2, 1)), (3, Fraction(-3, 1))]",21,5,87,v_power_m5|S2_ge3_places|S3_positive_genus,True,0,16,18,NON_COORDINATE,NON_COORDINATE_BY_R,2,EXACT-G1,3,2,iii,0,nonzero holomorphic 1-form on a compact curve of genus 2,NONVANISHING,,,,,
0dde583686b4,"G1 h0=2 c=1 a=-1 n=7 m=5 t=[(0, Fraction(3, 1))]",12,5,48,v_power_m5|S3_positive_genus,True,0,11,11,NON_COORDINATE,NON_COORDINATE_BY_R,2,EXACT-G1,2,3,iii,0,nonzero holomorphic 1-form on a compact curve of genus 3,NONVANISHING,,,,,
adc220b98ef4,"G1 h0=1 c=-1 a=0 n=7 m=5 t=[(0, Fraction(3, 1)), (1, Fraction(2, 1))]",12,5,24,v_power_m5|S3_positive_genus,True,0,11,11,NON_COORDINATE,NON_COORDINATE_BY_R,2,EXACT-G1,2,3,iii,0,nonzero holomorphic 1-form on a compact curve of genus 3,NONVANISHING,,,,,
7a54af000dda,"G1 h0=-1 c=-1 a=-1 n=7 m=5 t=[(1, Fraction(-3, 1)), (2, Fraction(-2, 1))]",17,5,66,v_power_m5|S3_positive_genus,True,0,14,15,NON_COORDINATE,NON_COORDINATE_BY_R,2,EXACT-G1,2,3,iii,0,nonzero holomorphic 1-form on a compact curve of genus 3,NONVANISHING,,,,,
4d259c13fe12,"G1 h0=-3 c=-2 a=-1 n=7 m=5 t=[(0, Fraction(2, 1)), (1, Fraction(-1, 1)), (2, Fraction(-2, 1)), (3, Fraction(1, 1))]",22,5,92,v_power_m5|S3_positive_genus,True,0,17,19,NON_COORDINATE,NON_COORDINATE_BY_R,2,EXACT-G1,2,3,iii,0,nonzero holomorphic 1-form on a compact curve of genus 3,NONVANISHING,,,,,
a6c5551de69e,"G1 h0=-1 c=-1 a=2 n=8 m=5 t=[(0, Fraction(2, 1))]",13,5,54,v_power_m5|S2_ge3_places|S3_positive_genus,True,0,12,12,NON_COORDINATE,NON_COORDINATE_BY_R,2,EXACT-G1,5,2,iii,0,nonzero holomorphic 1-form on a compact curve of genus 2,NONVANISHING,,,,,
1243818d2fcd,"G1 h0=-3 c=-1 a=0 n=8 m=5 t=[(0, Fraction(2, 1)), (1, Fraction(-3, 1))]",13,5,24,v_power_m5|S2_ge3_places|S3_positive_genus,True,0,12,12,NON_COORDINATE,NON_COORDINATE_BY_R,2,EXACT-G1,5,2,iii,0,nonzero holomorphic 1-form on a compact curve of genus 2,NONVANISHING,,,,,
1dc6cf259eff,"G1 h0=2 c=1 a=-1 n=8 m=5 t=[(0, Fraction(-1, 1)), (1, Fraction(3, 1)), (2, Fraction(-1, 1))]",18,5,84,v_power_m5|S2_ge3_places|S3_positive_genus,True,0,15,16,NON_COORDINATE,NON_COORDINATE_BY_R,2,EXACT-G1,5,2,iii,0,nonzero holomorphic 1-form on a compact curve of genus 2,NONVANISHING,,,,,
b3eabc41c191,"G1 h0=2 c=-2 a=0 n=8 m=5 t=[(0, Fraction(2, 1)), (1, Fraction(-1, 1)), (2, Fraction(2, 1)), (3, Fraction(-2, 1))]",23,5,56,v_power_m5|S2_ge3_places|S3_positive_genus|S4_ge3_components,True,0,18,20,NON_COORDINATE,NON_COORDINATE_BY_R,4,EXACT-G1,5,2,iii,0,nonzero holomorphic 1-form on a compact curve of genus 2,NONVANISHING,,,,,
1912eb53e446,"G1 h0=1 c=-2 a=-1 n=9 m=5 t=[(0, Fraction(-2, 1))]",14,5,60,v_power_m5|S3_positive_genus,True,0,13,13,NON_COORDINATE,NON_COORDINATE_BY_R,2,EXACT-G1,2,4,iii,0,nonzero holomorphic 1-form on a compact curve of genus 4,NONVANISHING,,,,,
7aff75a01be0,"G1 h0=1 c=1 a=1 n=9 m=5 t=[(0, Fraction(2, 1)), (1, Fraction(-1, 1))]",14,5,74,v_power_m5|S3_positive_genus,True,0,13,13,NON_COORDINATE,NON_COORDINATE_BY_R,2,EXACT-G1,2,4,iii,0,nonzero holomorphic 1-form on a compact curve of genus 4,NONVANISHING,,,,,
d3270db4e938,"G1 h0=-3 c=-1 a=2 n=9 m=5 t=[(2, Fraction(-2, 1))]",19,5,62,v_power_m5|S3_positive_genus,True,0,16,17,NON_COORDINATE,NON_COORDINATE_BY_R,2,EXACT-G1,2,4,iii,0,nonzero holomorphic 1-form on a compact curve of genus 4,NONVANISHING,,,,,
c9d2f5ef8d77,"G1 h0=-1 c=3 a=-1 n=9 m=5 t=[(1, Fraction(-3, 1)), (2, Fraction(-3, 1)), (3, Fraction(-2, 1))]",24,5,94,v_power_m5|S3_positive_genus,True,0,19,21,NON_COORDINATE,NON_COORDINATE_BY_R,2,EXACT-G1,2,4,iii,0,nonzero holomorphic 1-form on a compact curve of genus 4,NONVANISHING,,,,,
b024146ca351,G1 h0=-3 c=3 a=1 n=10 m=5 t=[],15,5,12,v_power_m5|S2_ge3_places|S3_positive_genus|S4_ge3_components,True,0,14,14,NON_COORDINATE,NON_COORDINATE_BY_R,3,EXACT-G1,7,2,iii,0,nonzero holomorphic 1-form on a compact curve of genus 2,NONVANISHING,,,,,
b41450fd0b5b,"G1 h0=-1 c=2 a=-1 n=10 m=5 t=[(0, Fraction(-2, 1)), (1, Fraction(-2, 1))]",15,5,81,v_power_m5|S2_ge3_places|S3_positive_genus,True,0,14,14,NON_COORDINATE,NON_COORDINATE_BY_R,2,EXACT-G1,7,2,iii,0,nonzero holomorphic 1-form on a compact curve of genus 2,NONVANISHING,,,,,
7515791a04e3,"G1 h0=1 c=2 a=2 n=10 m=5 t=[(0, Fraction(-3, 1)), (1, Fraction(2, 1)), (2, Fraction(-2, 1))]",20,5,96,v_power_m5|S2_ge3_places|S3_positive_genus,True,0,17,18,NON_COORDINATE,NON_COORDINATE_BY_R,2,EXACT-G1,7,2,iii,0,nonzero holomorphic 1-form on a compact curve of genus 2,NONVANISHING,,,,,
39c1f4a9bbcf,"G1 h0=-1 c=3 a=0 n=10 m=5 t=[(0, Fraction(-1, 1)), (1, Fraction(2, 1)), (2, Fraction(1, 1)), (3, Fraction(3, 1))]",25,5,56,v_power_m5|S2_ge3_places|S3_positive_genus,True,0,20,22,NON_COORDINATE,NON_COORDINATE_BY_R,2,EXACT-G1,7,2,iii,0,nonzero holomorphic 1-form on a compact curve of genus 2,NONVANISHING,,,,,
94307d41beba,"G1 h0=-3 c=3 a=2 n=11 m=5 t=[(0, Fraction(3, 1))]",16,5,72,v_power_m5|S3_positive_genus,True,0,15,15,NON_COORDINATE,NON_COORDINATE_BY_R,2,EXACT-G1,2,5,iii,0,nonzero holomorphic 1-form on a compact curve of genus 5,NONVANISHING,,,,,
c352c0d3dce6,"G1 h0=1 c=-2 a=0 n=11 m=5 t=[(0, Fraction(3, 1)), (1, Fraction(1, 1))]",16,5,24,v_power_m5|S3_positive_genus,True,0,15,15,NON_COORDINATE,NON_COORDINATE_BY_R,2,EXACT-G1,2,5,iii,0,nonzero holomorphic 1-form on a compact curve of genus 5,NONVANISHING,,,,,
384ec5fe5d24,"G1 h0=1 c=3 a=0 n=11 m=5 t=[(1, Fraction(3, 1)), (2, Fraction(-2, 1))]",21,5,24,v_power_m5|S3_positive_genus,True,0,18,19,NON_COORDINATE,NON_COORDINATE_BY_R,2,EXACT-G1,2,5,iii,0,nonzero holomorphic 1-form on a compact curve of genus 5,NONVANISHING,,,,,
126567cc1d8a,"G1 h0=1 c=1 a=2 n=11 m=5 t=[(0, Fraction(-2, 1)), (2, Fraction(-3, 1)), (3, Fraction(-3, 1))]",26,5,117,v_power_m5|S3_positive_genus,True,0,21,23,NON_COORDINATE,NON_COORDINATE_BY_R,2,EXACT-G1,2,5,iii,0,nonzero holomorphic 1-form on a compact curve of genus 5,NONVANISHING,,,,,
424096670408,G1 h0=2 c=3 a=0 n=12 m=5 t=[],17,5,2,v_power_m5|S2_ge3_places|S3_positive_genus,True,0,16,16,NON_COORDINATE,NON_COORDINATE_BY_R,2,EXACT-G1,5,4,iii,0,nonzero holomorphic 1-form on a compact curve of genus 4,NONVANISHING,,,,,
b4427947912d,"G1 h0=2 c=3 a=0 n=12 m=5 t=[(0, Fraction(-2, 1)), (1, Fraction(-3, 1))]",17,5,24,v_power_m5|S2_ge3_places|S3_positive_genus,True,0,16,16,NON_COORDINATE,NON_COORDINATE_BY_R,2,EXACT-G1,5,4,iii,0,nonzero holomorphic 1-form on a compact curve of genus 4,NONVANISHING,,,,,
434ec23231a1,"G1 h0=2 c=2 a=-1 n=12 m=5 t=[(0, Fraction(-2, 1)), (1, Fraction(2, 1)), (2, Fraction(1, 1))]",22,5,108,v_power_m5|S2_ge3_places|S3_positive_genus,True,0,19,20,NON_COORDINATE,NON_COORDINATE_BY_R,2,EXACT-G1,5,4,iii,0,nonzero holomorphic 1-form on a compact curve of genus 4,NONVANISHING,,,,,
160c467d1df3,"G1 h0=-1 c=3 a=-1 n=12 m=5 t=[(1, Fraction(1, 1)), (2, Fraction(-2, 1)), (3, Fraction(1, 1))]",27,5,112,v_power_m5|S2_ge3_places|S3_positive_genus,True,0,22,24,NON_COORDINATE,NON_COORDINATE_BY_R,2,EXACT-G1,5,4,iii,0,nonzero holomorphic 1-form on a compact curve of genus 4,NONVANISHING,,,,,
1de9e111cb5d,"G2 alpha=-1 beta=1 c=3 B=[(Fraction(0, 1), 2)] m=1",3,1,3,G2_multiple_root,True,0,2,2,NON_COORDINATE,NON_COORDINATE_BY_R,2,NUM-MONO,2,0,,ls_residual = 1.88014e-16 (err 2e-17),,VANISHING,EMPTY_all_stages,6,lambda_exact,4,True
d516fb7dc8c8,"G2 alpha=2 beta=1 c=2 B=[(Fraction(0, 1), 2), (Fraction(1, 1), 2)] m=1",5,1,5,G2_multiple_root|S2_ge3_places,True,0,4,4,NON_COORDINATE,NON_COORDINATE_BY_R,2,NUM-MONO,3,0,,ls_residual = 8.88577 (err 2e-15),,NONVANISHING,,,,,
d533e3022829,"G2 alpha=2 beta=0 c=3 B=[(Fraction(0, 1), 2), (Fraction(1, 1), 3)] m=1",6,1,5,G2_multiple_root|S2_ge3_places,True,0,5,5,NON_COORDINATE,NON_COORDINATE_BY_R,2,NUM-MONO,3,0,,ls_residual = 8.88577 (err 4e-15),,NONVANISHING,,,,,
6306c413fd82,"G2 alpha=1 beta=0 c=3 B=[(Fraction(0, 1), 2), (Fraction(1, 1), 2), (Fraction(-1, 1), 2)] m=1",7,1,4,G2_multiple_root|S2_ge3_places,True,0,6,6,NON_COORDINATE,NON_COORDINATE_BY_R,2,NUM-MONO,4,0,,ls_residual = 2.22144 (err 9e-16),,NONVANISHING,,,,,
b37517a039e7,"G2 alpha=2 beta=-1 c=1 B=[(Fraction(0, 1), 3), (Fraction(2, 1), 2)] m=1",6,1,5,G2_multiple_root|S2_ge3_places,True,0,5,5,NON_COORDINATE,NON_COORDINATE_BY_R,2,NUM-MONO,3,0,,ls_residual = 1.66608 (err 3e-15),,NONVANISHING,,,,,
c3dbaae9c4ab,"G2 alpha=-1 beta=1 c=-1 B=[(Fraction(1, 1), 4)] m=1",5,1,7,G2_multiple_root,True,0,4,4,NON_COORDINATE,NON_COORDINATE_BY_R,2,NUM-MONO,2,0,,ls_residual = 6.77847e-16 (err 6e-16),,VANISHING,EMPTY_all_stages,10,lambda_exact,60,True
3fb49b5234da,"G2 alpha=-1 beta=1 c=2 B=[(Fraction(0, 1), 2), (Fraction(1, 1), 2), (Fraction(-1, 1), 2), (Fraction(2, 1), 2)] m=1",9,1,9,G2_multiple_root|S2_ge3_places,True,0,8,8,NON_COORDINATE,NON_COORDINATE_BY_R,2,NUM-MONO,5,0,,ls_residual = 1.19936 (err 4e-15),,NONVANISHING,,,,,
e0180f5e29a3,"G2 alpha=2 beta=0 c=2 B=[(Fraction(0, 1), 2)] m=2",4,2,2,v-quadratic|G2_multiple_root,True,0,3,3,NON_COORDINATE,NON_COORDINATE_BY_R,2,EXACT-HE,,,E,max|Res| = 0.3535533905932738,simple pole of eta over x = 0,NONVANISHING,,,,,
6a9609985d51,"G2 alpha=-1 beta=-1 c=-1 B=[(Fraction(0, 1), 2), (Fraction(1, 1), 2)] m=2",6,2,5,v-quadratic|G2_multiple_root,True,0,5,5,NON_COORDINATE,NON_COORDINATE_BY_R,2,EXACT-HE,,,E,max|Res| = 0.28867513459481287,simple pole of eta over x = 1,NONVANISHING,,,,,
09f8701baeb6,"G2 alpha=1 beta=0 c=-1 B=[(Fraction(0, 1), 2), (Fraction(1, 1), 3)] m=2",7,2,5,v-quadratic|G2_multiple_root|S4_ge3_components,True,0,6,6,NON_COORDINATE,NON_COORDINATE_BY_R,3,EXACT-HE,,,E,max|Res| = 0.5,simple pole of eta over x = 0,NONVANISHING,,,,,
73422413cac2,"G2 alpha=-1 beta=1 c=-1 B=[(Fraction(0, 1), 2), (Fraction(1, 1), 2), (Fraction(-1, 1), 2)] m=2",8,2,5,v-quadratic|G2_multiple_root,True,0,7,7,NON_COORDINATE,NON_COORDINATE_BY_R,2,EXACT-HE,,,E,max|Res| = 0.25,simple pole of eta over x = -1,NONVANISHING,,,,,
a577ffe70c69,"G2 alpha=-1 beta=0 c=3 B=[(Fraction(0, 1), 3), (Fraction(2, 1), 2)] m=2",7,2,4,v-quadratic|G2_multiple_root,True,0,6,6,NON_COORDINATE,NON_COORDINATE_BY_R,2,EXACT-HE,,,E,max|Res| = 0.05892556509887896,simple pole of eta over x = 2,NONVANISHING,,,,,
4e6d65590834,"G2 alpha=-1 beta=1 c=3 B=[(Fraction(1, 1), 4)] m=2",6,2,7,v-quadratic|G2_multiple_root,True,0,5,5,NON_COORDINATE,NON_COORDINATE_BY_R,2,EXACT-HE,,,,,,UNRESOLVED,,,,,
9da176e36d04,"G2 alpha=1 beta=-1 c=-1 B=[(Fraction(0, 1), 2), (Fraction(1, 1), 2), (Fraction(-1, 1), 2), (Fraction(2, 1), 2)] m=2",10,2,9,v-quadratic|G2_multiple_root,True,0,9,9,NON_COORDINATE,NON_COORDINATE_BY_R,2,EXACT-HE,,,E,max|Res| = 0.25,simple pole of eta over x = 1,NONVANISHING,,,,,
5ece3121ac1d,"G2 alpha=2 beta=0 c=2 B=[(Fraction(0, 1), 2)] m=3",5,3,2,S1_v_cubic|G2_multiple_root|S3_positive_genus,True,0,4,4,NON_COORDINATE,NON_COORDINATE_BY_R,2,NUM-MONO,2,1,,ls_residual = 2.36084 (err 1e-14),,NONVANISHING,,,,,
daa636bd9188,"G2 alpha=1 beta=0 c=2 B=[(Fraction(0, 1), 2), (Fraction(1, 1), 2)] m=3",7,3,4,S1_v_cubic|G2_multiple_root|S2_ge3_places,True,0,6,6,NON_COORDINATE,NON_COORDINATE_BY_R,2,NUM-MONO,5,0,,ls_residual = 3.33874 (err 2e-14),,NONVANISHING,,,,,
67d834bc6387,"G2 alpha=2 beta=-1 c=1 B=[(Fraction(0, 1), 2), (Fraction(1, 1), 3)] m=3",8,3,6,S1_v_cubic|G2_multiple_root|S2_ge3_places|S3_positive_genus,True,0,7,7,NON_COORDINATE,NON_COORDINATE_BY_R,2,NUM-MONO,3,1,,ls_residual = 1.18042 (err 2e-15),,NONVANISHING,,,,,
fc34245ddbd1,"G2 alpha=-1 beta=-1 c=-1 B=[(Fraction(0, 1), 2), (Fraction(1, 1), 2), (Fraction(-1, 1), 2)] m=3",9,3,5,S1_v_cubic|G2_multiple_root|S2_ge3_places|S3_positive_genus,True,0,8,8,NON_COORDINATE,NON_COORDINATE_BY_R,2,NUM-MONO,4,3,,ls_residual = 3.12874 (err 4e-14),,NONVANISHING,,,,,
5fdf1c989cf7,"G2 alpha=2 beta=0 c=1 B=[(Fraction(0, 1), 3), (Fraction(2, 1), 2)] m=3",8,3,4,S1_v_cubic|G2_multiple_root|S2_ge3_places|S3_positive_genus,True,0,7,7,NON_COORDINATE,NON_COORDINATE_BY_R,2,NUM-MONO,5,1,,ls_residual = 3.14529 (err 2e-14),,NONVANISHING,,,,,
46a40cb56510,"G2 alpha=1 beta=1 c=-1 B=[(Fraction(1, 1), 4)] m=3",7,3,7,S1_v_cubic|G2_multiple_root|S2_ge3_places,True,0,6,6,NON_COORDINATE,INCONCLUSIVE,1,NUM-MONO,4,0,,ls_residual = 5.26971e-15 (err 2e-15),,VANISHING,EMPTY_all_stages,14,lambda_exact,17,True
cc4236720ad7,"G2 alpha=1 beta=0 c=2 B=[(Fraction(0, 1), 2), (Fraction(1, 1), 2), (Fraction(-1, 1), 2), (Fraction(2, 1), 2)] m=3",11,3,8,S1_v_cubic|G2_multiple_root|S2_ge3_places|S3_positive_genus,True,0,10,10,NON_COORDINATE,NON_COORDINATE_BY_R,2,NUM-MONO,5,3,,ls_residual = 1.42006 (err 3e-13),,NONVANISHING,,,,,
0ed7f85200c9,"G2 alpha=1 beta=1 c=3 B=[(Fraction(0, 1), 2)] m=4",6,4,3,v_power_m4|G2_multiple_root,True,0,5,5,NON_COORDINATE,NON_COORDINATE_BY_R,2,NUM-MONO,2,0,,ls_residual = 1.93452 (err 2e-15),,NONVANISHING,,,,,
d9359194160a,"G2 alpha=-1 beta=-1 c=3 B=[(Fraction(0, 1), 2), (Fraction(1, 1), 2)] m=4",8,4,5,v_power_m4|G2_multiple_root|S2_ge3_places|S3_positive_genus,True,0,7,7,NON_COORDINATE,NON_COORDINATE_BY_R,2,NUM-MONO,5,2,,ls_residual = 1.73385 (err 3e-14),,NONVANISHING,,,,,
808e52fdb1b6,"G2 alpha=2 beta=-1 c=-1 B=[(Fraction(0, 1), 2), (Fraction(1, 1), 3)] m=4",9,4,6,v_power_m4|G2_multiple_root|S2_ge3_places,True,0,8,8,NON_COORDINATE,NON_COORDINATE_BY_R,2,NUM-MONO,8,0,,ls_residual = 2.36475e-15 (err 2e-15),,VANISHING,EMPTY_all_stages,18,lambda_exact,14,True
6e1cd2bbafaa,"G2 alpha=-1 beta=-1 c=-1 B=[(Fraction(0, 1), 2), (Fraction(1, 1), 2), (Fraction(-1, 1), 2)] m=4",10,4,5,v_power_m4|G2_multiple_root|S2_ge3_places|S3_positive_genus,True,0,9,9,NON_COORDINATE,NON_COORDINATE_BY_R,2,NUM-MONO,7,3,,ls_residual = 2.54598 (err 0.2),,NONVANISHING,,,,,
36ba82ece964,"G2 alpha=2 beta=0 c=2 B=[(Fraction(0, 1), 3), (Fraction(2, 1), 2)] m=4",9,4,4,v_power_m4|G2_multiple_root|S2_ge3_places|S3_positive_genus,True,0,8,8,NON_COORDINATE,NON_COORDINATE_BY_R,2,NUM-MONO,7,1,,ls_residual = 2.4401 (err 4e-15),,NONVANISHING,,,,,
3e49b3a15841,"G2 alpha=2 beta=1 c=1 B=[(Fraction(1, 1), 4)] m=4",8,4,7,v_power_m4|G2_multiple_root|S2_ge3_places,True,0,7,7,NON_COORDINATE,INCONCLUSIVE,1,NUM-MONO,5,0,,ls_residual = 1.868 (err 2e-15),,NONVANISHING,,,,,
936dcac00ed7,"G2 alpha=2 beta=-1 c=3 B=[(Fraction(0, 1), 2), (Fraction(1, 1), 2), (Fraction(-1, 1), 2), (Fraction(2, 1), 2)] m=4",12,4,9,v_power_m4|G2_multiple_root|S2_ge3_places|S3_positive_genus,True,0,11,11,NON_COORDINATE,NON_COORDINATE_BY_R,2,NUM-MONO,8,3,,ls_residual = 0.873488 (err 1e-14),,NONVANISHING,,,,,
b35d46339ef4,"G1 h0=-1 c=1 a=1 n=2 m=3 t=[(0, Fraction(-2, 1))] [S4 intent]",5,3,11,S1_v_cubic|S2_ge3_places|S4_ge3_components,True,0,4,4,NON_COORDINATE,NON_COORDINATE_BY_R,3,EXACT-G1,3,0,ii,0,all residues zero and the compact model is P^1,VANISHING,EMPTY_all_stages,10,lambda_exact,43,True
d6a8255e8c96,"G1 h0=-1 c=1 a=-1 n=2 m=3 t=[(0, Fraction(-3, 1)), (1, Fraction(1, 1))] [S4 intent]",5,3,18,S1_v_cubic|S2_ge3_places|S4_ge3_components,True,0,4,4,NON_COORDINATE,NON_COORDINATE_BY_R,3,EXACT-G1,3,0,ii,0,all residues zero and the compact model is P^1,VANISHING,EMPTY_all_stages,10,lambda_exact,43,True
11b94e5ad1be,"G1 h0=-1 c=1 a=1 n=2 m=3 t=[(0, Fraction(2, 1)), (1, Fraction(1, 1))] [S4 intent]",5,3,16,S1_v_cubic|S2_ge3_places|S4_ge3_components,True,0,4,4,NON_COORDINATE,NON_COORDINATE_BY_R,3,EXACT-G1,3,0,ii,0,all residues zero and the compact model is P^1,VANISHING,EMPTY_all_stages,10,lambda_exact,43,True
83022ceaab23,G1 h0=-1 c=1 a=-1 n=4 m=5 t=[] [S4 intent],9,5,6,v_power_m5|S2_ge3_places|S4_ge3_components,True,0,8,8,NON_COORDINATE,NON_COORDINATE_BY_R,4,EXACT-G1,5,0,ii,0,all residues zero and the compact model is P^1,VANISHING,EMPTY_all_stages,18,lambda_exact,30,True
40d4c9f57c36,"G1 h0=-1 c=1 a=0 n=4 m=5 t=[(0, Fraction(-1, 1)), (1, Fraction(-3, 1))] [S4 intent]",9,5,24,v_power_m5|S2_ge3_places|S4_ge3_components,True,0,8,8,NON_COORDINATE,NON_COORDINATE_BY_R,4,EXACT-G1,5,0,ii,0,all residues zero and the compact model is P^1,VANISHING,EMPTY_all_stages,18,lambda_exact,118,True
c447da45ca02,"G1 h0=-1 c=1 a=0 n=4 m=5 t=[(0, Fraction(-2, 1)), (2, Fraction(2, 1))] [S4 intent]",14,5,24,v_power_m5|S2_ge3_places|S4_ge3_components,True,0,11,12,NON_COORDINATE,NON_COORDINATE_BY_R,4,EXACT-G1,5,0,ii,0,all residues zero and the compact model is P^1,VANISHING,EMPTY_all_stages,28,lambda_exact,101,True
d01448b8b96a,"G1 h0=-1 c=1 a=1 n=2 m=3 t=[(0, Fraction(-1, 1))] [S4 intent]",5,3,12,S1_v_cubic|S2_ge3_places|S4_ge3_components,True,0,4,4,NON_COORDINATE,NON_COORDINATE_BY_R,3,EXACT-G1,3,0,ii,0,all residues zero and the compact model is P^1,VANISHING,EMPTY_all_stages,10,lambda_exact,43,True
7c887944e856,"G1 h0=-1 c=1 a=0 n=2 m=3 t=[(0, Fraction(-3, 1)), (1, Fraction(3, 1))] [S4 intent]",5,3,13,S1_v_cubic|S2_ge3_places|S4_ge3_components,True,0,4,4,NON_COORDINATE,NON_COORDINATE_BY_R,3,EXACT-G1,3,0,ii,0,all residues zero and the compact model is P^1,VANISHING,EMPTY_all_stages,10,lambda_exact,43,True
ac09181bd1e3,"G1 h0=-1 c=1 a=0 n=2 m=3 t=[(0, Fraction(1, 1)), (1, Fraction(-3, 1)), (2, Fraction(-1, 1))] [S4 intent]",8,3,19,S1_v_cubic|S2_ge3_places|S4_ge3_components,True,0,5,6,NON_COORDINATE,NON_COORDINATE_BY_R,3,EXACT-G1,3,0,ii,0,all residues zero and the compact model is P^1,VANISHING,EMPTY_all_stages,16,lambda_exact,98,True
a9b90eff1970,"G1 h0=-1 c=1 a=1 n=6 m=7 t=[(0, Fraction(2, 1))] [S4 intent]",13,7,55,v_power_m7|S2_ge3_places|S4_ge3_components,True,0,12,12,NON_COORDINATE,NON_COORDINATE_BY_R,5,EXACT-G1,7,0,ii,0,all residues zero and the compact model is P^1,VANISHING,EMPTY_all_stages,26,lambda_exact,122,True
762dac3fbdb1,"G1 h0=-1 c=1 a=0 n=6 m=7 t=[(0, Fraction(-3, 1)), (1, Fraction(-2, 1))] [S4 intent]",13,7,39,v_power_m7|S2_ge3_places|S4_ge3_components,True,0,12,12,NON_COORDINATE,NON_COORDINATE_BY_R,5,EXACT-G1,7,0,ii,0,all residues zero and the compact model is P^1,VANISHING,EMPTY_all_stages,26,lambda_exact,229,True
a814ad47ed0c,"G1 h0=-1 c=1 a=0 n=6 m=7 t=[(0, Fraction(3, 1)), (1, Fraction(-2, 1)), (2, Fraction(2, 1))] [S4 intent]",20,7,68,v_power_m7|S2_ge3_places|S4_ge3_components,True,0,17,18,NON_COORDINATE,NON_COORDINATE_BY_R,5,EXACT-G1,7,0,ii,0,all residues zero and the compact model is P^1,VANISHING,EMPTY_all_stages,40,lambda_exact,529,True
89d036313be8,"G1 h0=-3 c=-2 a=0 n=4 m=2 t=[(2, Fraction(-1, 1))] | sheared",8,8,45,v-quadratic|S2_ge3_places|S3_positive_genus|S5_mixed_support,True,0,6,6,NON_COORDINATE,NON_COORDINATE_BY_R,2,EXACT-G1,3,1,iii,0,nonzero holomorphic 1-form on a compact curve of genus 1,NONVANISHING,,,,,
11b99f22adf6,"G1 h0=2 c=-2 a=2 n=4 m=5 t=[(0, Fraction(-3, 1)), (1, Fraction(1, 1))] | sheared",18,18,190,v_power_m5|S2_ge3_places|S4_ge3_components|S5_mixed_support,True,0,16,16,NON_COORDINATE,NON_COORDINATE_BY_R,4,EXACT-G1,5,0,ii,0,all residues zero and the compact model is P^1,VANISHING,EMPTY_all_stages,36,lambda_exact,350,True
1eec531c6f62,"G1 h0=-3 c=2 a=1 n=8 m=3 t=[(0, Fraction(2, 1)), (1, Fraction(2, 1)), (2, Fraction(-3, 1)), (3, Fraction(-3, 1))] | sheared",17,17,171,S1_v_cubic|S2_ge3_places|S3_positive_genus|S5_mixed_support,True,0,14,14,NON_COORDINATE,NON_COORDINATE_BY_R,2,EXACT-G1,3,3,iii,0,nonzero holomorphic 1-form on a compact curve of genus 3,NONVANISHING,,,,,
db353c3be5c6,"G2 alpha=1 beta=0 c=2 B=[(Fraction(0, 1), 2), (Fraction(1, 1), 2)] m=3 | sheared",11,11,78,S1_v_cubic|G2_multiple_root|S5_mixed_support,True,0,9,9,NON_COORDINATE,NON_COORDINATE_BY_R,2,NUM-MONO,,,,,,NOT_SCREENED,,,,,
fb09b7c9213b,"G1 h0=-1 c=-1 a=0 n=8 m=3 t=[(0, Fraction(3, 1)), (1, Fraction(2, 1))] | sheared",22,22,276,S1_v_cubic|S2_ge3_places|S3_positive_genus|S5_mixed_support,True,0,20,20,NON_COORDINATE,NON_COORDINATE_BY_R,2,EXACT-G1,3,3,iii,0,nonzero holomorphic 1-form on a compact curve of genus 3,NONVANISHING,,,,,
7747339a4408,"G1 h0=-1 c=1 a=1 n=2 m=3 t=[(0, Fraction(2, 1)), (1, Fraction(1, 1))] [S4 intent] | sheared",5,3,18,S1_v_cubic|S2_ge3_places|S4_ge3_components|S5_mixed_support,True,0,4,4,NON_COORDINATE,NON_COORDINATE_BY_R,3,EXACT-G1,3,0,ii,0,all residues zero and the compact model is P^1,VANISHING,EMPTY_all_stages,10,lambda_exact,43,True
d57b38902c84,"G1 h0=-1 c=1 a=0 n=4 m=5 t=[(0, Fraction(-1, 1)), (1, Fraction(-3, 1))] [S4 intent] | sheared",18,9,100,v_power_m5|S2_ge3_places|S4_ge3_components|S5_mixed_support,True,0,15,16,NON_COORDINATE,NON_COORDINATE_BY_R,4,EXACT-G1,5,0,ii,0,all residues zero and the compact model is P^1,VANISHING,EMPTY_all_stages,36,lambda_exact,424,True
34f3d9a40dae,"G1 h0=2 c=1 a=2 n=5 m=2 t=[(0, Fraction(-2, 1)), (1, Fraction(-1, 1)), (2, Fraction(1, 1))] | sheared",9,9,55,v-quadratic|S3_positive_genus|S5_mixed_support,True,0,7,7,NON_COORDINATE,NON_COORDINATE_BY_R,2,EXACT-G1,2,2,iii,0,nonzero holomorphic 1-form on a compact curve of genus 2,NONVANISHING,,,,,
d27e75395c93,"G1 h0=2 c=1 a=0 n=9 m=2 t=[(1, Fraction(1, 1))] | sheared",20,9,120,v-quadratic|S3_positive_genus|S5_mixed_support,True,0,18,19,NON_COORDINATE,NON_COORDINATE_BY_R,2,EXACT-G1,2,4,iii,0,nonzero holomorphic 1-form on a compact curve of genus 4,NONVANISHING,,,,,
0252a2f05d0e,"G1 h0=2 c=-1 a=0 n=3 m=5 t=[(0, Fraction(-3, 1)), (1, Fraction(-1, 1)), (2, Fraction(1, 1))] | sheared",26,26,378,v_power_m5|S3_positive_genus|S5_mixed_support,True,0,23,23,NON_COORDINATE,NON_COORDINATE_BY_R,2,EXACT-G1+NUM-MONO(normal form),2,1,iv,0,"second-kind differential, genus 1",NONVANISHING,,,,,
59d6e3d021d2,"G1 h0=-3 c=-1 a=0 n=4 m=3 t=[(0, Fraction(3, 1)), (1, Fraction(3, 1)), (2, Fraction(2, 1))] | sheared",10,10,66,S1_v_cubic|S2_ge3_places|S3_positive_genus|S5_mixed_support,True,0,8,8,NON_COORDINATE,NON_COORDINATE_BY_R,2,EXACT-G1,3,1,iii,0,nonzero holomorphic 1-form on a compact curve of genus 1,NONVANISHING,,,,,
cdd4d7d1e9b5,"G2 alpha=-1 beta=1 c=-1 B=[(Fraction(0, 1), 2), (Fraction(1, 1), 2), (Fraction(-1, 1), 2)] m=2 | sheared",14,14,120,v-quadratic|G2_multiple_root|S5_mixed_support,True,0,12,12,NON_COORDINATE,NON_COORDINATE_BY_R,2,NUM-MONO,,,,,,NOT_SCREENED,,,,,
e09a661bade6,"G1 h0=-1 c=3 a=-1 n=12 m=5 t=[(1, Fraction(1, 1)), (2, Fraction(-2, 1)), (3, Fraction(1, 1))] | sheared",27,27,406,v_power_m5|S2_ge3_places|S3_positive_genus|S5_mixed_support,True,0,24,24,NON_COORDINATE,NON_COORDINATE_BY_R,2,EXACT-G1,5,4,iii,0,nonzero holomorphic 1-form on a compact curve of genus 4,NONVANISHING,,,,,
96e4a2c6d1d3,"G1 h0=-1 c=1 a=-1 n=1 m=5 t=[(0, Fraction(-3, 1)), (1, Fraction(-1, 1))] | sheared",24,12,169,v_power_m5|S5_mixed_support,True,0,20,21,NON_COORDINATE,NON_COORDINATE_BY_R,2,EXACT-G1,2,0,ii,0,all residues zero and the compact model is P^1,VANISHING,EMPTY_all_stages,48,lambda_exact,842,True
0b2454cfc6f6,"G2 alpha=2 beta=0 c=2 B=[(Fraction(0, 1), 2)] m=2 | sheared",4,4,15,v-quadratic|G2_multiple_root|S5_mixed_support,True,0,3,3,NON_COORDINATE,NON_COORDINATE_BY_R,2,NUM-MONO,,,,,,UNRESOLVED,,,,,
e0441159075b,"G1 h0=-3 c=1 a=-1 n=3 m=2 t=[(0, Fraction(-3, 1))] | sheared",8,8,45,v-quadratic|S3_positive_genus|S5_mixed_support,True,0,7,7,NON_COORDINATE,NON_COORDINATE_BY_R,2,EXACT-G1,2,1,iii,0,nonzero holomorphic 1-form on a compact curve of genus 1,NONVANISHING,,,,,
c689ce7fc834,"G1 h0=2 c=-2 a=2 n=4 m=5 t=[(0, Fraction(-3, 1)), (1, Fraction(1, 1))] | sheared",18,18,100,v_power_m5|S2_ge3_places|S4_ge3_components|S5_mixed_support,True,0,16,15,NON_COORDINATE,NON_COORDINATE_BY_R,4,EXACT-G1,5,0,ii,0,all residues zero and the compact model is P^1,VANISHING,EMPTY_all_stages,36,lambda_exact,350,True
87e7be28dbda,"G1 h0=2 c=-2 a=2 n=2 m=2 t=[(0, Fraction(2, 1)), (2, Fraction(-1, 1))] | sheared",6,6,28,v-quadratic|S2_ge3_places|S5_mixed_support,True,0,4,4,NON_COORDINATE,NON_COORDINATE_BY_R,2,EXACT-G1,3,0,i,residues nonzero,nonzero residues at the 2 places over y = 0 (n >= 2 and n | m),NONVANISHING,,,,,
4667d741b2d6,G1 h0=-1 c=1 a=-1 n=4 m=5 t=[] [S4 intent] | sheared,13,13,105,v_power_m5|S2_ge3_places|S4_ge3_components|S5_mixed_support,True,0,12,12,NON_COORDINATE,NON_COORDINATE_BY_R,4,EXACT-G1,5,0,ii,0,all residues zero and the compact model is P^1,VANISHING,EMPTY_all_stages,26,lambda_exact,205,True
1c74c3bae320,"G2 alpha=2 beta=0 c=2 B=[(Fraction(0, 1), 2)] m=3 | sheared",5,5,15,S1_v_cubic|G2_multiple_root|S5_mixed_support,True,0,4,4,NON_COORDINATE,NON_COORDINATE_BY_R,2,NUM-MONO,,,,,,UNRESOLVED,,,,,
282a9f40c368,"G1 h0=-3 c=1 a=-1 n=2 m=5 t=[(1, Fraction(3, 1)), (2, Fraction(-1, 1))] | sheared",24,24,148,v_power_m5|S2_ge3_places|S5_mixed_support,True,0,21,20,NON_COORDINATE,NON_COORDINATE_BY_R,2,EXACT-G1,3,0,ii,0,all residues zero and the compact model is P^1,VANISHING,EMPTY_all_stages,48,lambda_exact,845,True
b7612f47cd64,"G1 h0=2 c=3 a=1 n=1 m=3 t=[(0, Fraction(3, 1)), (2, Fraction(3, 1)), (3, Fraction(2, 1))] | sheared",10,10,66,S1_v_cubic|S5_mixed_support,True,0,7,7,NON_COORDINATE,NON_COORDINATE_BY_R,2,EXACT-G1,2,0,ii,0,all residues zero and the compact model is P^1,VANISHING,EMPTY_all_stages,20,lambda_exact,109,True
672095a9d89d,"G2 alpha=2 beta=-1 c=3 B=[(Fraction(0, 1), 2), (Fraction(1, 1), 2), (Fraction(-1, 1), 2), (Fraction(2, 1), 2)] m=4 | sheared",24,12,169,v_power_m4|G2_multiple_root|S5_mixed_support,True,0,21,22,NON_COORDINATE,NON_COORDINATE_BY_R,2,NUM-MONO,,,,,,NOT_SCREENED,,,,,
cf1c601f3d1c,"G1 h0=-3 c=1 a=-1 n=2 m=3 t=[(0, Fraction(-2, 1)), (1, Fraction(-3, 1))] | sheared",20,10,109,S1_v_cubic|S2_ge3_places|S5_mixed_support,True,0,16,17,NON_COORDINATE,NON_COORDINATE_BY_R,2,EXACT-G1,3,0,ii,0,all residues zero and the compact model is P^1,VANISHING,EMPTY_all_stages,40,lambda_exact,507,True
