hash,family,profile,deg_P,n_supp_P,S2,S1,places_at_infinity,genus_newton,lead_terms,passed,screen_secs,S1_detail
"7b784eda6f16","M1","(126,189)","126","8","pass","reject","23","3149","6","False","2.2","common zero of (P_x,P_y): HAS_COMMON_ZERO 0"
"98df01611310","M1","(126,189)","126","22","pass","reject","53","6402","20","False","3.0","common zero of (P_x,P_y): HAS_COMMON_ZERO 0"
"6172814e299c","M1","(126,189)","126","17","pass","reject","38","5364","14","False","2.9","common zero of (P_x,P_y): HAS_COMMON_ZERO 0"
"c00279a4a40a","M1","(126,189)","126","23","pass","timeout","38","5909","19","False","91.1","singular_timeout"
"50f6f382924b","M1","(126,189)","126","7","pass","timeout","8","2714","3","False","90.1","singular_timeout"
"f8992646640a","M1","(126,189)","126","12","pass","reject","29","6479","9","False","0.1","common zero of (P_x,P_y): HAS_COMMON_ZERO 0"
"8f2c47c74b37","M1","(126,189)","126","7","pass","reject","38","4567","3","False","0.0","common zero of (P_x,P_y): HAS_COMMON_ZERO 0"
"372ce6b89272","M1","(126,189)","126","15","pass","reject","47","5622","14","False","0.0","common zero of (P_x,P_y): HAS_COMMON_ZERO 0"
"9fb80fd463ee","M1","(126,189)","126","5","pass","reject","23","2655","3","False","0.1","common zero of (P_x,P_y): HAS_COMMON_ZERO 0"
"cd385e5d1fbf","M1","(126,189)","126","12","pass","reject","35","6025","10","False","0.2","common zero of (P_x,P_y): HAS_COMMON_ZERO 0"
"384a86ccf404","M1","(126,189)","126","5","pass","reject","5","2161","3","False","0.1","common zero of (P_x,P_y): HAS_COMMON_ZERO 0"
"ebf2e38df467","M1","(126,189)","126","11","pass","reject","38","4515","10","False","0.1","common zero of (P_x,P_y): HAS_COMMON_ZERO 0"
"238afcc2d1fe","M1","(126,189)","126","10","pass","reject","26","6191","6","False","0.6","common zero of (P_x,P_y): HAS_COMMON_ZERO 0"
"8e5e6feaf057","M1","(126,189)","126","13","pass","reject","62","7500","9","False","0.5","common zero of (P_x,P_y): HAS_COMMON_ZERO 0"
"32321981b664","M1","(126,189)","126","21","pass","reject","53","6378","20","False","0.1","common zero of (P_x,P_y): HAS_COMMON_ZERO 0"
"a64141ef2e54","M1","(126,189)","126","11","pass","reject","44","5262","9","False","0.1","common zero of (P_x,P_y): HAS_COMMON_ZERO 0"
"c08694448753","M1","(126,189)","126","7","pass","reject","35","4816","3","False","0.1","common zero of (P_x,P_y): HAS_COMMON_ZERO 0"
"856bf513c37f","M1","(126,189)","126","9","pass","reject","38","5224","6","False","0.1","common zero of (P_x,P_y): HAS_COMMON_ZERO 0"
"e55899a67cbe","M1","(126,189)","126","5","pass","reject","29","3592","3","False","0.1","common zero of (P_x,P_y): HAS_COMMON_ZERO 0"
"4b2a04ad2c2d","M1","(126,189)","126","18","pass","reject","53","6513","15","False","0.7","common zero of (P_x,P_y): HAS_COMMON_ZERO 0"
"29a7e5b7fa2d","M1","(126,189)","126","23","pass","reject","47","6768","19","False","58.6","common zero of (P_x,P_y): HAS_COMMON_ZERO 0"
"bdf970d43272","M1","(126,189)","126","16","pass","reject","62","7500","14","False","0.2","common zero of (P_x,P_y): HAS_COMMON_ZERO 0"
"4425d722d5cb","M1","(126,189)","126","10","pass","reject","47","6162","6","False","0.3","common zero of (P_x,P_y): HAS_COMMON_ZERO 0"
"c7f503d68aa9","M1","(126,189)","126","15","pass","reject","35","4125","13","False","0.2","common zero of (P_x,P_y): HAS_COMMON_ZERO 0"
"32cc359c635c","M1","(126,189)","126","17","pass","reject","56","6875","14","False","0.5","common zero of (P_x,P_y): HAS_COMMON_ZERO 0"
"d7107cddb129","M1","(126,189)","126","5","pass","reject","17","2974","3","False","0.1","common zero of (P_x,P_y): HAS_COMMON_ZERO 0"
"f2fa7b4332a8","M1","(126,189)","126","15","pass","reject","44","6144","13","False","0.1","common zero of (P_x,P_y): HAS_COMMON_ZERO 0"
"919a3cb203ce","M1","(126,189)","126","16","pass","reject","62","7500","15","False","0.1","common zero of (P_x,P_y): HAS_COMMON_ZERO 0"
"d7d92cc96981","M1","(126,189)","126","10","pass","reject","53","6375","9","False","0.1","common zero of (P_x,P_y): HAS_COMMON_ZERO 0"
"a07d5fc1933f","M1","(126,189)","126","6","pass","reject","11","1547","3","False","1.9","common zero of (P_x,P_y): HAS_COMMON_ZERO 0"
"7972afa70ca9","M1","(128,192)","128","13","pass","reject","56","6864","10","False","0.2","common zero of (P_x,P_y): HAS_COMMON_ZERO 0"
"3a10caa740af","M1","(128,192)","128","9","pass","reject","26","4312","6","False","0.2","common zero of (P_x,P_y): HAS_COMMON_ZERO 0"
"d91f0a35e866","M1","(128,192)","128","10","pass","timeout","29","5145","6","False","90.2","singular_timeout"
"9f89273e77b0","M1","(128,192)","128","14","pass","reject","38","4819","10","False","43.9","common zero of (P_x,P_y): HAS_COMMON_ZERO 0"
"4f98c90a14e5","M1","(128,192)","128","16","pass","reject","38","4719","13","False","2.5","common zero of (P_x,P_y): HAS_COMMON_ZERO 0"
"3ae71d521cf2","M1","(128,192)","128","17","pass","reject","38","4857","14","False","25.4","common zero of (P_x,P_y): HAS_COMMON_ZERO 0"
"696d11fa66fb","M1","(128,192)","128","19","pass","reject","56","6864","18","False","0.1","common zero of (P_x,P_y): HAS_COMMON_ZERO 0"
"e65c2b7013d1","M1","(128,192)","128","16","pass","reject","38","4576","14","False","0.2","common zero of (P_x,P_y): HAS_COMMON_ZERO 0"
"abf912228e54","M1","(128,192)","128","14","pass","reject","50","6108","10","False","0.3","common zero of (P_x,P_y): HAS_COMMON_ZERO 0"
"9b3c8294cbca","M1","(128,192)","128","5","pass","reject","32","3780","3","False","0.1","common zero of (P_x,P_y): HAS_COMMON_ZERO 0"
"e02741287dae","M1","(128,192)","128","6","pass","reject","14","1572","5","False","0.1","common zero of (P_x,P_y): HAS_COMMON_ZERO 0"
"f12dc9fc0ad6","M1","(128,192)","128","7","pass","reject","14","3366","3","False","0.1","common zero of (P_x,P_y): HAS_COMMON_ZERO 0"
"035909b05a7f","M1","(128,192)","128","4","pass","reject","17","1918","3","False","0.1","common zero of (P_x,P_y): HAS_COMMON_ZERO 0"
"c021fe47ff03","M1","(128,192)","128","9","pass","reject","14","1552","8","False","0.1","common zero of (P_x,P_y): HAS_COMMON_ZERO 0"
"10c223666c30","M1","(128,192)","128","18","pass","reject","47","6284","14","False","47.3","common zero of (P_x,P_y): HAS_COMMON_ZERO 0"
"d00256eb67dc","M1","(128,192)","128","20","pass","reject","56","7153","18","False","0.2","common zero of (P_x,P_y): HAS_COMMON_ZERO 0"
"7a9ea17115d4","M1","(128,192)","128","4","pass","reject","5","414","3","False","0.1","common zero of (P_x,P_y): HAS_COMMON_ZERO 0"
"8870973953a0","M1","(128,192)","128","15","pass","reject","59","7242","14","False","0.1","common zero of (P_x,P_y): HAS_COMMON_ZERO 0"
"d68fe5a74ae6","M1","(128,192)","128","4","pass","reject","11","1150","3","False","0.1","common zero of (P_x,P_y): HAS_COMMON_ZERO 0"
"1759c431ce3c","M1","(128,192)","128","16","pass","reject","47","5722","15","False","0.1","common zero of (P_x,P_y): HAS_COMMON_ZERO 0"
"1f27eabfbccf","M1","(128,192)","128","19","pass","reject","50","6100","18","False","0.1","common zero of (P_x,P_y): HAS_COMMON_ZERO 0"
"705ab2dd2a67","M1","(128,192)","128","14","pass","reject","38","4576","13","False","0.1","common zero of (P_x,P_y): HAS_COMMON_ZERO 0"
"e54a709a36ba","M1","(128,192)","128","14","pass","reject","59","7240","10","False","14.9","common zero of (P_x,P_y): HAS_COMMON_ZERO 0"
"fa62b85f5c9d","M1","(128,192)","128","13","pass","timeout","32","3944","9","False","90.2","singular_timeout"
"9d015a2ea4ed","M1","(128,192)","128","21","pass","reject","41","5063","18","False","6.8","common zero of (P_x,P_y): HAS_COMMON_ZERO 0"
"4732576c2294","M1","(128,192)","128","13","pass","reject","47","6239","9","False","5.4","common zero of (P_x,P_y): HAS_COMMON_ZERO 0"
"3f7a91f105b7","M1","(128,192)","128","9","pass","reject","44","5350","6","False","0.2","common zero of (P_x,P_y): HAS_COMMON_ZERO 0"
"3edcc30e3efa","M1","(128,192)","128","11","pass","reject","56","6852","10","False","0.0","common zero of (P_x,P_y): HAS_COMMON_ZERO 0"
"0afe749ff0a3","M1","(128,192)","128","16","pass","reject","38","5952","13","False","0.8","common zero of (P_x,P_y): HAS_COMMON_ZERO 0"
"0a3902350d3e","M1","(128,192)","128","12","pass","reject","26","3887","10","False","0.0","common zero of (P_x,P_y): HAS_COMMON_ZERO 0"
"3853976c83ef","M1","(130,195)","130","23","pass","reject","62","7741","19","False","0.4","common zero of (P_x,P_y): HAS_COMMON_ZERO 0"
"a1c0315a6bcc","M1","(130,195)","130","4","pass","reject","49","6127","3","False","0.0","common zero of (P_x,P_y): HAS_COMMON_ZERO 0"
"40a08807cd71","M1","(130,195)","130","15","pass","reject","44","5431","13","False","0.2","common zero of (P_x,P_y): HAS_COMMON_ZERO 0"
"34b824aa7a89","M1","(130,195)","130","4","pass","reject","44","5422","3","False","0.0","common zero of (P_x,P_y): HAS_COMMON_ZERO 0"
"5f04b438e251","M1","(130,195)","130","5","pass","reject","41","5843","3","False","0.0","common zero of (P_x,P_y): HAS_COMMON_ZERO 0"
"8bf0b9841b4f","M1","(130,195)","130","10","pass","timeout","43","5353","6","False","90.2","singular_timeout"
"ac2ef312aeb3","M1","(130,195)","130","4","pass","reject","5","400","3","False","0.0","common zero of (P_x,P_y): HAS_COMMON_ZERO 0"
"67b064949b03","M1","(130,195)","130","12","pass","reject","44","5642","10","False","0.1","common zero of (P_x,P_y): HAS_COMMON_ZERO 0"
"e5e9efe96466","M1","(130,195)","130","8","pass","reject","35","4462","6","False","0.1","common zero of (P_x,P_y): HAS_COMMON_ZERO 0"
"2d4889623368","M1","(130,195)","130","7","pass","reject","44","5430","6","False","0.1","common zero of (P_x,P_y): HAS_COMMON_ZERO 0"
"7667b0eb7c7a","M1","(130,195)","130","16","pass","reject","59","7357","14","False","0.1","common zero of (P_x,P_y): HAS_COMMON_ZERO 0"
"69df767c729c","M1","(130,195)","130","21","pass","reject","59","7845","19","False","0.1","common zero of (P_x,P_y): HAS_COMMON_ZERO 0"
"6f89ea32cd4b","M1","(130,195)","130","15","pass","reject","62","7741","14","False","0.1","common zero of (P_x,P_y): HAS_COMMON_ZERO 0"
"8b03575de874","M1","(130,195)","130","19","pass","reject","49","6127","18","False","0.1","common zero of (P_x,P_y): HAS_COMMON_ZERO 0"
"b08b349de2c2","M1","(130,195)","130","20","pass","reject","47","5815","19","False","0.0","common zero of (P_x,P_y): HAS_COMMON_ZERO 0"
"381d4541e4fd","M1","(130,195)","130","7","pass","reject","19","6392","3","False","0.1","common zero of (P_x,P_y): HAS_COMMON_ZERO 0"
"6cfde1a8ede6","M1","(130,195)","130","21","pass","timeout","37","4815","17","False","90.2","singular_timeout"
"df1f4f693e27","M1","(130,195)","130","22","pass","reject","64","8062","18","False","37.5","common zero of (P_x,P_y): HAS_COMMON_ZERO 0"
"999f60fe6a3a","M1","(130,195)","130","10","pass","reject","11","5034","6","False","0.1","common zero of (P_x,P_y): HAS_COMMON_ZERO 0"
"02a0d71a3093","M1","(130,195)","130","8","pass","reject","53","6589","6","False","0.1","common zero of (P_x,P_y): HAS_COMMON_ZERO 0"
"75b5d3024b00","M1","(130,195)","130","14","pass","reject","47","6369","10","False","0.6","common zero of (P_x,P_y): HAS_COMMON_ZERO 0"
"df129c48c354","M1","(130,195)","130","18","pass","reject","47","6595","14","False","7.1","common zero of (P_x,P_y): HAS_COMMON_ZERO 0"
"ef730f4f87ba","M1","(130,195)","130","10","pass","reject","32","5011","6","False","0.1","common zero of (P_x,P_y): HAS_COMMON_ZERO 0"
"c8b90cab2739","M1","(130,195)","130","9","pass","reject","56","6967","6","False","0.1","common zero of (P_x,P_y): HAS_COMMON_ZERO 0"
"6e441a1ce61c","M1","(130,195)","130","21","pass","reject","61","7671","19","False","0.1","common zero of (P_x,P_y): HAS_COMMON_ZERO 0"
"a3f354844aa2","M1","(130,195)","130","13","pass","reject","38","6837","10","False","0.1","common zero of (P_x,P_y): HAS_COMMON_ZERO 0"
"c933fed8cae2","M1","(130,195)","130","4","pass","reject","43","5353","3","False","0.0","common zero of (P_x,P_y): HAS_COMMON_ZERO 0"
"dba9e41e8414","M1","(130,195)","130","19","pass","timeout","64","8062","15","False","90.2","singular_timeout"
"09c8429222df","M1","(130,195)","130","19","pass","reject","56","6966","18","False","0.1","common zero of (P_x,P_y): HAS_COMMON_ZERO 0"
"41bb7a17924b","M1","(130,195)","130","7","pass","reject","5","4234","3","False","19.2","common zero of (P_x,P_y): HAS_COMMON_ZERO 0"
"cdf18a86ec56","M1","(132,198)","132","22","pass","reject","35","4692","18","False","50.6","common zero of (P_x,P_y): HAS_COMMON_ZERO 0"
"0e71147ae32b","M1","(132,198)","132","16","pass","reject","38","4742","14","False","0.0","common zero of (P_x,P_y): HAS_COMMON_ZERO 0"
"164807bf2038","M1","(132,198)","132","23","pass","reject","50","6290","20","False","0.5","common zero of (P_x,P_y): HAS_COMMON_ZERO 0"
"0c4fd093f302","M1","(132,198)","132","9","pass","reject","38","4813","6","False","0.5","common zero of (P_x,P_y): HAS_COMMON_ZERO 0"
"78c4417ab1fd","M1","(132,198)","132","9","pass","reject","35","4334","6","False","0.1","common zero of (P_x,P_y): HAS_COMMON_ZERO 0"
"d49114a0ded6","M1","(132,198)","132","7","pass","reject","32","3938","6","False","0.0","common zero of (P_x,P_y): HAS_COMMON_ZERO 0"
"170b0d77d2cc","M1","(132,198)","132","7","pass","timeout","8","6052","3","False","90.2","singular_timeout"
"7f02edc7c116","M1","(132,198)","132","22","pass","reject","59","7940","18","False","4.7","common zero of (P_x,P_y): HAS_COMMON_ZERO 0"
"89986d40c3b2","M1","(132,198)","132","18","pass","reject","62","7860","15","False","0.2","common zero of (P_x,P_y): HAS_COMMON_ZERO 0"
"cb4404b8b087","M1","(132,198)","132","20","pass","reject","44","5516","19","False","0.1","common zero of (P_x,P_y): HAS_COMMON_ZERO 0"
"aa5ec1405e4f","M1","(132,198)","132","17","pass","reject","53","6827","14","False","4.2","common zero of (P_x,P_y): HAS_COMMON_ZERO 0"
"4e3b1dff09cc","M1","(132,198)","132","12","pass","reject","50","6471","9","False","0.1","common zero of (P_x,P_y): HAS_COMMON_ZERO 0"
"c9c550172ac0","M1","(132,198)","132","6","pass","reject","23","2858","3","False","0.1","common zero of (P_x,P_y): HAS_COMMON_ZERO 0"
"927a8e7393ce","M1","(132,198)","132","15","pass","reject","59","7470","14","False","0.1","common zero of (P_x,P_y): HAS_COMMON_ZERO 0"
"fc2e3b6c37cd","M1","(132,198)","132","19","pass","reject","56","7687","15","False","3.9","common zero of (P_x,P_y): HAS_COMMON_ZERO 0"
"432e5441f810","M1","(132,198)","132","11","pass","reject","35","4322","10","False","0.0","common zero of (P_x,P_y): HAS_COMMON_ZERO 0"
"c3f98dc0a2bb","M1","(132,198)","132","5","pass","reject","44","6289","3","False","0.0","common zero of (P_x,P_y): HAS_COMMON_ZERO 0"
"345585d0714d","M1","(132,198)","132","4","pass","reject","5","414","3","False","0.0","common zero of (P_x,P_y): HAS_COMMON_ZERO 0"
"caa594b12417","M1","(132,198)","132","4","pass","reject","5","422","3","False","0.0","common zero of (P_x,P_y): HAS_COMMON_ZERO 0"
"ffd08100806f","M1","(132,198)","132","12","pass","reject","50","6288","9","False","0.6","common zero of (P_x,P_y): HAS_COMMON_ZERO 0"
"0379fc9b9de7","M1","(132,198)","132","7","pass","reject","5","3697","3","False","16.5","common zero of (P_x,P_y): HAS_COMMON_ZERO 0"
"d498fec41d10","M1","(132,198)","132","7","pass","reject","29","3546","6","False","0.0","common zero of (P_x,P_y): HAS_COMMON_ZERO 0"
"610775a0b978","M1","(132,198)","132","11","pass","reject","56","7082","10","False","0.0","common zero of (P_x,P_y): HAS_COMMON_ZERO 0"
"e42a0e914549","M1","(132,198)","132","15","pass","reject","44","5504","14","False","0.0","common zero of (P_x,P_y): HAS_COMMON_ZERO 0"
"38113795c8ec","M1","(132,198)","132","9","pass","reject","65","8252","6","False","0.1","common zero of (P_x,P_y): HAS_COMMON_ZERO 0"
"315bf896c0b2","M1","(132,198)","132","19","pass","reject","50","6290","17","False","0.2","common zero of (P_x,P_y): HAS_COMMON_ZERO 0"
"df75e52fadff","M1","(132,198)","132","10","pass","timeout","35","4513","6","False","90.1","singular_timeout"
"4cf5a37c7e7e","M1","(132,198)","132","9","pass","reject","41","5130","6","False","0.2","common zero of (P_x,P_y): HAS_COMMON_ZERO 0"
"ccd9d34f05c7","M1","(132,198)","132","21","pass","reject","56","7064","17","False","4.6","common zero of (P_x,P_y): HAS_COMMON_ZERO 0"
"edc9397922d6","M1","(132,198)","132","16","pass","reject","62","7862","15","False","0.0","common zero of (P_x,P_y): HAS_COMMON_ZERO 0"
"f264ab4bb899","M1L","(126,189)","126","8","pass","reject","41","5522","6","False","0.0","common zero of (P_x,P_y): HAS_COMMON_ZERO 0"
"bea034b30a85","M1L","(126,189)","126","8","pass","reject","23","3275","6","False","0.0","common zero of (P_x,P_y): HAS_COMMON_ZERO 0"
"02a18bbdfdd8","M1L","(126,189)","126","5","pass","reject","44","5938","3","False","0.0","common zero of (P_x,P_y): HAS_COMMON_ZERO 0"
"8e69a435a369","M1L","(126,189)","126","21","pass","reject","59","7201","17","False","0.1","common zero of (P_x,P_y): HAS_COMMON_ZERO 0"
"9885e4726bae","M1L","(126,189)","126","12","pass","reject","62","7619","9","False","0.0","common zero of (P_x,P_y): HAS_COMMON_ZERO 0"
"f29152579d60","M1L","(126,189)","126","13","pass","reject","32","4264","10","False","0.0","common zero of (P_x,P_y): HAS_COMMON_ZERO 0"
"e02969c1bfd9","M1L","(126,189)","126","5","pass","reject","11","6733","3","False","0.0","common zero of (P_x,P_y): HAS_COMMON_ZERO 0"
"d3242ff407ff","M1L","(126,189)","126","12","pass","reject","38","5177","10","False","0.0","common zero of (P_x,P_y): HAS_COMMON_ZERO 0"
"9f403fed7de7","M1L","(126,189)","126","7","pass","reject","17","2815","3","False","0.0","common zero of (P_x,P_y): HAS_COMMON_ZERO 0"
"76b7a1bb772c","M1L","(126,189)","126","21","pass","reject","44","6647","17","False","0.1","common zero of (P_x,P_y): HAS_COMMON_ZERO 0"
"5981d0f9b3fc","M1L","(126,189)","126","12","pass","reject","38","5336","10","False","0.0","common zero of (P_x,P_y): HAS_COMMON_ZERO 0"
"f66ead614e94","M1L","(126,189)","126","21","pass","reject","44","6206","18","False","0.1","common zero of (P_x,P_y): HAS_COMMON_ZERO 0"
"70cfb8400bc8","M1L","(126,189)","126","5","pass","reject","17","1984","3","False","0.0","common zero of (P_x,P_y): HAS_COMMON_ZERO 0"
"f268900ac864","M1L","(126,189)","126","5","pass","reject","20","2375","3","False","0.0","common zero of (P_x,P_y): HAS_COMMON_ZERO 0"
"3bf3286b574a","M1L","(126,189)","126","24","pass","reject","56","7075","20","False","0.1","common zero of (P_x,P_y): HAS_COMMON_ZERO 0"
"dc33f5cc17b6","M1L","(126,189)","126","5","pass","reject","29","3962","3","False","0.0","common zero of (P_x,P_y): HAS_COMMON_ZERO 0"
"d19631f9ac22","M1L","(126,189)","126","7","pass","reject","20","6373","3","False","0.0","common zero of (P_x,P_y): HAS_COMMON_ZERO 0"
"e46436b8da87","M1L","(126,189)","126","8","pass","reject","20","3143","6","False","0.0","common zero of (P_x,P_y): HAS_COMMON_ZERO 0"
"f954927a49d9","M1L","(126,189)","126","20","pass","reject","50","6164","18","False","0.1","common zero of (P_x,P_y): HAS_COMMON_ZERO 0"
"70d3529d0a5f","M1L","(126,189)","126","17","pass","reject","44","5581","14","False","0.6","common zero of (P_x,P_y): HAS_COMMON_ZERO 0"
"ee9ad7bdff97","M1L","(128,192)","128","8","pass","reject","59","7353","6","False","0.0","common zero of (P_x,P_y): HAS_COMMON_ZERO 0"
"08607194262a","M1L","(128,192)","128","9","pass","reject","44","5766","5","False","0.1","common zero of (P_x,P_y): HAS_COMMON_ZERO 0"
"add25f164720","M1L","(128,192)","128","18","pass","reject","59","7410","14","False","0.1","common zero of (P_x,P_y): HAS_COMMON_ZERO 0"
"66f73bd69584","M1L","(128,192)","128","12","pass","reject","38","4742","10","False","0.1","common zero of (P_x,P_y): HAS_COMMON_ZERO 0"
"10ecb637c301","M1L","(128,192)","128","16","pass","reject","50","7167","14","False","0.0","common zero of (P_x,P_y): HAS_COMMON_ZERO 0"
"04f07aac2bd7","M1L","(128,192)","128","5","pass","reject","5","1637","3","False","0.0","common zero of (P_x,P_y): HAS_COMMON_ZERO 0"
"1ab5dac941f1","M1L","(128,192)","128","8","pass","reject","29","3999","6","False","0.0","common zero of (P_x,P_y): HAS_COMMON_ZERO 0"
"1f88c8d9464b","M1L","(128,192)","128","20","pass","reject","47","5844","17","False","1.6","common zero of (P_x,P_y): HAS_COMMON_ZERO 0"
"2706fea900d8","M1L","(128,192)","128","10","pass","reject","14","6861","6","False","0.0","common zero of (P_x,P_y): HAS_COMMON_ZERO 0"
"f3d9f8c860c3","M1L","(128,192)","128","21","pass","reject","62","7758","19","False","0.0","common zero of (P_x,P_y): HAS_COMMON_ZERO 0"
"52b0c883b341","M1L","(128,192)","128","17","pass","reject","62","7620","15","False","2.6","common zero of (P_x,P_y): HAS_COMMON_ZERO 0"
"b5d155a8b294","M1L","(128,192)","128","17","pass","reject","35","6417","14","False","0.0","common zero of (P_x,P_y): HAS_COMMON_ZERO 0"
"f576b07fb95f","M1L","(128,192)","128","21","pass","reject","47","5862","18","False","0.0","common zero of (P_x,P_y): HAS_COMMON_ZERO 0"
"d7f79ebdf9ce","M1L","(128,192)","128","13","pass","reject","53","6630","10","False","0.0","common zero of (P_x,P_y): HAS_COMMON_ZERO 0"
"02a976985a70","M1L","(128,192)","128","13","pass","reject","47","6552","10","False","0.1","common zero of (P_x,P_y): HAS_COMMON_ZERO 0"
"ddf7ce466f2f","M1L","(128,192)","128","17","pass","reject","41","5105","14","False","0.1","common zero of (P_x,P_y): HAS_COMMON_ZERO 0"
"cdbac9f1dcd0","M1L","(128,192)","128","6","pass","reject","38","6524","3","False","0.0","common zero of (P_x,P_y): HAS_COMMON_ZERO 0"
"a2f6c44c28e3","M1L","(128,192)","128","7","pass","reject","20","7350","3","False","0.0","common zero of (P_x,P_y): HAS_COMMON_ZERO 0"
"2b783615db04","M1L","(128,192)","128","6","pass","reject","26","4581","3","False","0.0","common zero of (P_x,P_y): HAS_COMMON_ZERO 0"
"ccd15c14f62e","M1L","(128,192)","128","21","pass","reject","62","7665","19","False","0.1","common zero of (P_x,P_y): HAS_COMMON_ZERO 0"
"839c37544f0d","M1L","(130,195)","130","9","pass","reject","20","3062","5","False","0.0","common zero of (P_x,P_y): HAS_COMMON_ZERO 0"
"af0ca595eefc","M1L","(130,195)","130","24","pass","reject","52","6701","20","False","52.7","common zero of (P_x,P_y): HAS_COMMON_ZERO 0"
"a5f7202daad4","M1L","(130,195)","130","6","pass","reject","41","7064","3","False","0.0","common zero of (P_x,P_y): HAS_COMMON_ZERO 0"
"4b3c0b50faf7","M1L","(130,195)","130","13","pass","reject","44","6117","10","False","0.0","common zero of (P_x,P_y): HAS_COMMON_ZERO 0"
"0e6c28e166da","M1L","(130,195)","130","17","pass","reject","53","6888","15","False","0.1","common zero of (P_x,P_y): HAS_COMMON_ZERO 0"
"2017f61ac905","M1L","(130,195)","130","12","pass","reject","47","6654","9","False","0.0","common zero of (P_x,P_y): HAS_COMMON_ZERO 0"
"d7fe1f5db14a","M1L","(130,195)","130","8","pass","reject","32","4446","6","False","0.0","common zero of (P_x,P_y): HAS_COMMON_ZERO 0"
"029eb2fc0f33","M1L","(130,195)","130","14","pass","reject","38","6006","10","False","0.9","common zero of (P_x,P_y): HAS_COMMON_ZERO 0"
"9f858b72ba59","M1L","(130,195)","130","9","pass","reject","32","6437","6","False","0.4","common zero of (P_x,P_y): HAS_COMMON_ZERO 0"
"e5d294218e17","M1L","(130,195)","130","9","pass","reject","26","3212","6","False","0.0","common zero of (P_x,P_y): HAS_COMMON_ZERO 0"
"ebee64fb65a1","M1L","(130,195)","130","7","pass","reject","14","5082","3","False","0.0","common zero of (P_x,P_y): HAS_COMMON_ZERO 0"
"b81770909801","M1L","(130,195)","130","21","pass","reject","56","7016","18","False","0.3","common zero of (P_x,P_y): HAS_COMMON_ZERO 0"
"0b1f1b64de05","M1L","(130,195)","130","7","pass","reject","5","2582","3","False","0.1","common zero of (P_x,P_y): HAS_COMMON_ZERO 0"
"6190d21aa1c4","M1L","(130,195)","130","10","pass","reject","50","6830","6","False","0.0","common zero of (P_x,P_y): HAS_COMMON_ZERO 0"
"84fd0e279e7e","M1L","(130,195)","130","6","pass","reject","62","7863","3","False","0.0","common zero of (P_x,P_y): HAS_COMMON_ZERO 0"
"5844d9452d2f","M1L","(130,195)","130","16","pass","reject","32","3974","13","False","0.1","common zero of (P_x,P_y): HAS_COMMON_ZERO 0"
"f0599ea2fa16","M1L","(130,195)","130","17","pass","reject","56","6973","14","False","3.0","common zero of (P_x,P_y): HAS_COMMON_ZERO 0"
"8feae860f54b","M1L","(130,195)","130","6","pass","reject","10","7919","3","False","0.0","common zero of (P_x,P_y): HAS_COMMON_ZERO 0"
"9c67977db223","M1L","(130,195)","130","5","pass","reject","20","2796","3","False","0.0","common zero of (P_x,P_y): HAS_COMMON_ZERO 0"
"8793f1972a9d","M1L","(130,195)","130","13","pass","reject","29","5589","10","False","0.0","common zero of (P_x,P_y): HAS_COMMON_ZERO 0"
"56887d162d12","M1L","(132,198)","132","16","pass","reject","32","5837","13","False","0.0","common zero of (P_x,P_y): HAS_COMMON_ZERO 0"
"0b5ed0ba3610","M1L","(132,198)","132","22","pass","reject","62","7987","18","False","0.1","common zero of (P_x,P_y): HAS_COMMON_ZERO 0"
"9262939fd84a","M1L","(132,198)","132","14","pass","reject","26","4373","10","False","53.5","common zero of (P_x,P_y): HAS_COMMON_ZERO 0"
"6580caa7d1c3","M1L","(132,198)","132","22","pass","reject","44","6734","18","False","1.2","common zero of (P_x,P_y): HAS_COMMON_ZERO 0"
"8562a58d561e","M1L","(132,198)","132","12","pass","reject","35","6029","10","False","0.0","common zero of (P_x,P_y): HAS_COMMON_ZERO 0"
"961a3bbbff04","M1L","(132,198)","132","17","pass","reject","44","6638","13","False","0.0","common zero of (P_x,P_y): HAS_COMMON_ZERO 0"
"d70ea16f5f0d","M1L","(132,198)","132","13","pass","reject","38","7840","9","False","0.0","common zero of (P_x,P_y): HAS_COMMON_ZERO 0"
"95905f8985f7","M1L","(132,198)","132","24","pass","reject","65","8413","20","False","0.1","common zero of (P_x,P_y): HAS_COMMON_ZERO 0"
"06b4c7c7c974","M1L","(132,198)","132","13","pass","reject","53","6818","10","False","0.1","common zero of (P_x,P_y): HAS_COMMON_ZERO 0"
"b6e08161c5c2","M1L","(132,198)","132","23","pass","reject","50","8312","19","False","0.1","common zero of (P_x,P_y): HAS_COMMON_ZERO 0"
"68cba0d1e394","M1L","(132,198)","132","17","pass","reject","53","7223","14","False","0.0","common zero of (P_x,P_y): HAS_COMMON_ZERO 0"
"10777eb24020","M1L","(132,198)","132","5","pass","reject","20","5723","3","False","0.0","common zero of (P_x,P_y): HAS_COMMON_ZERO 0"
"bbcdbaa4d9e6","M1L","(132,198)","132","21","pass","reject","41","6833","18","False","0.1","common zero of (P_x,P_y): HAS_COMMON_ZERO 0"
"1fb74474b31d","M1L","(132,198)","132","16","pass","reject","62","8030","14","False","0.0","common zero of (P_x,P_y): HAS_COMMON_ZERO 0"
"fc6e38c0c8e4","M1L","(132,198)","132","9","pass","reject","26","3535","6","False","0.0","common zero of (P_x,P_y): HAS_COMMON_ZERO 0"
"49d3a692e909","M1L","(132,198)","132","5","pass","reject","5","2807","3","False","0.0","common zero of (P_x,P_y): HAS_COMMON_ZERO 0"
"28442d4735e5","M1L","(132,198)","132","17","pass","reject","44","5683","14","False","0.1","common zero of (P_x,P_y): HAS_COMMON_ZERO 0"
"fd06a2846179","M1L","(132,198)","132","9","pass","reject","44","6581","6","False","0.3","common zero of (P_x,P_y): HAS_COMMON_ZERO 0"
"5ffd264d22e3","M1L","(132,198)","132","16","pass","reject","56","8416","12","False","0.5","common zero of (P_x,P_y): HAS_COMMON_ZERO 0"
"12595b9887b6","M1L","(132,198)","132","22","pass","reject","44","7397","19","False","0.1","common zero of (P_x,P_y): HAS_COMMON_ZERO 0"
"c11e0c48a5fc","HDC","(110,10)","110","13","pass","pass","1","540","1","True","0.0","1 in (P_x,P_y) over Q"
"3e52e6ee53ad","HDC","(121,11)","121","13","pass","pass","1","595","1","True","0.0","1 in (P_x,P_y) over Q"
"a10ee6c835f4","HDC","(132,12)","132","13","pass","pass","1","650","1","True","0.0","1 in (P_x,P_y) over Q"
"28072e1d99e9","HDC","(143,13)","143","13","pass","pass","1","705","1","True","0.0","1 in (P_x,P_y) over Q"
"f8b3d1bf96f8","HDC","(126,1)","126","2","pass","pass","1","0","1","True","0.0","1 in (P_x,P_y) over Q"
"b7d738c97e6d","HDC","(128,1)","128","2","pass","pass","1","0","1","True","0.0","1 in (P_x,P_y) over Q"
"e97f275c150c","HDC","(130,1)","130","2","pass","pass","1","0","1","True","0.0","1 in (P_x,P_y) over Q"
"1410212dbd72","HDC","(132,1)","132","2","pass","pass","1","0","1","True","0.0","1 in (P_x,P_y) over Q"
"699b96c0fe5f","V0_A_rand_sparse_lin","(84,-)","84","4","pass","reject","2","1985","1","False","0.0","common zero of (P_x,P_y): HAS_COMMON_ZERO 0"
"797f6b36069b","V0_A_rand_sparse_lin","(84,-)","84","5","pass","reject","2","1758","1","False","0.0","common zero of (P_x,P_y): HAS_COMMON_ZERO 0"
"099afc5c42d1","V0_A_rand_sparse_lin","(84,-)","84","7","pass","timeout","2","1196","1","False","90.1","singular_timeout"
"f747ab00f390","V0_A_rand_sparse_lin","(84,-)","84","5","pass","reject","44","1743","2","False","0.0","common zero of (P_x,P_y): HAS_COMMON_ZERO 0"
"9566638235e6","V0_A_rand_sparse_lin","(84,-)","84","7","pass","reject","18","2231","2","False","0.0","common zero of (P_x,P_y): HAS_COMMON_ZERO 0"
"185d7f7c71d3","V0_A_rand_sparse_lin","(84,-)","84","5","pass","reject","2","3063","1","False","0.0","common zero of (P_x,P_y): HAS_COMMON_ZERO 0"
"cbd415d140ff","V0_A_rand_sparse_lin","(84,-)","84","3","pass","reject","2","237","1","False","0.0","common zero of (P_x,P_y): HAS_COMMON_ZERO 0"
"38c53b75d0da","V0_A_rand_sparse_lin","(84,-)","84","8","pass","reject","48","3067","2","False","0.0","common zero of (P_x,P_y): HAS_COMMON_ZERO 0"
"385f13e50a3a","V0_B_rand_sparse_nolin","(84,-)","84","7","reject","not_run","14","1833","2","False","0.0","short-circuited by S2"
"316f4b37dba4","V0_B_rand_sparse_nolin","(84,-)","84","5","reject","not_run","2","2173","1","False","0.0","short-circuited by S2"
"af1760b24afd","V0_B_rand_sparse_nolin","(84,-)","84","3","reject","not_run","2","2250","1","False","0.0","short-circuited by S2"
"fe1269c53d44","V0_B_rand_sparse_nolin","(84,-)","84","5","reject","not_run","2","2344","1","False","0.0","short-circuited by S2"
"4d398b9004eb","V0_C_struct_x","(84,-)","84","4","pass","reject","2","43","1","False","0.2","common zero of (P_x,P_y): HAS_COMMON_ZERO 0"
"5bb447c59036","V0_C_struct_x","(84,-)","84","4","pass","reject","2","20","1","False","0.2","common zero of (P_x,P_y): HAS_COMMON_ZERO 0"
"c037fbc6dcbe","V0_C_struct_x","(84,-)","84","3","pass","reject","2","16","1","False","0.0","common zero of (P_x,P_y): HAS_COMMON_ZERO 0"
"e59fe6943045","V0_C_struct_x","(84,-)","84","3","pass","reject","2","51","1","False","0.0","common zero of (P_x,P_y): HAS_COMMON_ZERO 0"
"2dafb886aad1","V0_C_struct_x","(84,-)","84","4","pass","reject","2","33","1","False","0.4","common zero of (P_x,P_y): HAS_COMMON_ZERO 0"
"2d0d42277f10","V0_C_struct_x","(84,-)","84","3","pass","pass","2","32","1","True","0.0","1 in (P_x,P_y) over Q"
"89432f328294","V0_D_leadsq","(84,-)","84","8","pass","reject","39","3227","6","False","0.0","common zero of (P_x,P_y): HAS_COMMON_ZERO 0"
"a749e2c23fd8","V0_D_leadsq","(84,-)","84","9","pass","timeout","22","1732","6","False","90.1","singular_timeout"
"83684eb8f17d","V0_D_leadsq","(84,-)","84","5","pass","reject","6","522","3","False","0.0","common zero of (P_x,P_y): HAS_COMMON_ZERO 0"
"82c9abfa7bc7","V0_D_leadsq","(84,-)","84","9","pass","reject","6","2103","6","False","2.4","common zero of (P_x,P_y): HAS_COMMON_ZERO 0"
"a9a6f0f10ec9","V0_D_leadsq","(84,-)","84","6","pass","reject","24","3303","3","False","0.0","common zero of (P_x,P_y): HAS_COMMON_ZERO 0"
"aa425de60edc","V0_D_leadsq","(84,-)","84","4","pass","reject","28","2156","3","False","0.0","common zero of (P_x,P_y): HAS_COMMON_ZERO 0"
"9af42f322b53","V0_D_leadsq","(84,-)","84","6","pass","reject","17","2104","3","False","0.0","common zero of (P_x,P_y): HAS_COMMON_ZERO 0"
"d8f539e9cea7","V0_D_leadsq","(84,-)","84","6","pass","reject","22","2006","3","False","0.0","common zero of (P_x,P_y): HAS_COMMON_ZERO 0"
"efcb39ef94e7","V0_E_leadcube","(84,-)","84","11","pass","reject","18","1992","10","False","0.0","common zero of (P_x,P_y): HAS_COMMON_ZERO 0"
"843980fc5065","V0_E_leadcube","(84,-)","84","5","pass","reject","10","1002","4","False","0.0","common zero of (P_x,P_y): HAS_COMMON_ZERO 0"
"89c3c75818a4","V0_E_leadcube","(84,-)","84","11","pass","reject","7","648","10","False","0.0","common zero of (P_x,P_y): HAS_COMMON_ZERO 0"
"1cfba17d6930","V0_E_leadcube","(84,-)","84","13","pass","timeout","13","1383","10","False","90.1","singular_timeout"
"bf55f033b818","V0_E_leadcube","(84,-)","84","13","pass","reject","17","2031","10","False","0.3","common zero of (P_x,P_y): HAS_COMMON_ZERO 0"
"5a108b477ba8","V0_E_leadcube","(84,-)","84","13","pass","timeout","11","1904","10","False","90.2","singular_timeout"
"486338fbb7e7","V0_A_rand_sparse_lin","(96,-)","96","4","pass","reject","2","1246","1","False","0.0","common zero of (P_x,P_y): HAS_COMMON_ZERO 0"
"d80afafb6271","V0_A_rand_sparse_lin","(96,-)","96","6","pass","reject","31","3131","2","False","0.0","common zero of (P_x,P_y): HAS_COMMON_ZERO 0"
"b21310a4e428","V0_A_rand_sparse_lin","(96,-)","96","3","pass","reject","1","4416","1","False","0.0","common zero of (P_x,P_y): HAS_COMMON_ZERO 0"
"3a1d32b4bac2","V0_A_rand_sparse_lin","(96,-)","96","4","pass","reject","96","4465","2","False","0.0","common zero of (P_x,P_y): HAS_COMMON_ZERO 0"
"25a2984a180b","V0_A_rand_sparse_lin","(96,-)","96","7","pass","reject","2","3830","1","False","0.0","common zero of (P_x,P_y): HAS_COMMON_ZERO 0"
"624a9e7738c0","V0_A_rand_sparse_lin","(96,-)","96","3","pass","reject","2","1602","1","False","0.0","common zero of (P_x,P_y): HAS_COMMON_ZERO 0"
"89ad60f0acd4","V0_A_rand_sparse_lin","(96,-)","96","5","pass","reject","2","1886","1","False","0.0","common zero of (P_x,P_y): HAS_COMMON_ZERO 0"
"d27981828585","V0_A_rand_sparse_lin","(96,-)","96","8","pass","reject","2","2182","1","False","0.0","common zero of (P_x,P_y): HAS_COMMON_ZERO 0"
"5872c6761533","V0_B_rand_sparse_nolin","(96,-)","96","6","reject","not_run","2","3182","1","False","0.0","short-circuited by S2"
"6afdb2bc1bfa","V0_B_rand_sparse_nolin","(96,-)","96","8","reject","not_run","2","2662","1","False","0.0","short-circuited by S2"
"b4c1c7f3b1f0","V0_B_rand_sparse_nolin","(96,-)","96","7","reject","not_run","67","3931","2","False","0.0","short-circuited by S2"
"c17a4a540eec","V0_B_rand_sparse_nolin","(96,-)","96","5","reject","not_run","2","2094","1","False","0.0","short-circuited by S2"
"665e90e51d55","V0_C_struct_x","(96,-)","96","3","pass","reject","2","33","1","False","0.0","common zero of (P_x,P_y): HAS_COMMON_ZERO 0"
"0c061d633814","V0_C_struct_x","(96,-)","96","3","pass","pass","2","0","1","True","0.0","1 in (P_x,P_y) over Q"
"963c989df902","V0_C_struct_x","(96,-)","96","4","pass","pass","2","12","1","True","0.0","1 in (P_x,P_y) over Q"
"ec0ed60957ca","V0_C_struct_x","(96,-)","96","4","pass","reject","2","9","1","False","0.2","common zero of (P_x,P_y): HAS_COMMON_ZERO 0"
"b2977480eb31","V0_C_struct_x","(96,-)","96","4","pass","reject","2","53","1","False","0.0","common zero of (P_x,P_y): HAS_COMMON_ZERO 0"
"d2515bf96b3f","V0_C_struct_x","(96,-)","96","3","pass","reject","2","41","1","False","0.0","common zero of (P_x,P_y): HAS_COMMON_ZERO 0"
"c6e65bb28c47","V0_D_leadsq","(96,-)","96","4","pass","reject","15","1262","3","False","0.0","common zero of (P_x,P_y): HAS_COMMON_ZERO 0"
"f75f2469aaf2","V0_D_leadsq","(96,-)","96","6","pass","reject","12","2245","3","False","0.0","common zero of (P_x,P_y): HAS_COMMON_ZERO 0"
"b5cd46f02fed","V0_D_leadsq","(96,-)","96","8","pass","reject","7","2723","6","False","2.5","common zero of (P_x,P_y): HAS_COMMON_ZERO 0"
"6dd48746b4a4","V0_D_leadsq","(96,-)","96","4","pass","reject","6","422","3","False","0.0","common zero of (P_x,P_y): HAS_COMMON_ZERO 0"
"5a87f4fb735b","V0_D_leadsq","(96,-)","96","4","pass","reject","9","694","3","False","0.0","common zero of (P_x,P_y): HAS_COMMON_ZERO 0"
"a27e208c31bb","V0_D_leadsq","(96,-)","96","9","pass","reject","19","3721","6","False","53.3","common zero of (P_x,P_y): HAS_COMMON_ZERO 0"
"51f15e5a86b5","V0_D_leadsq","(96,-)","96","5","pass","reject","3","739","3","False","0.0","common zero of (P_x,P_y): HAS_COMMON_ZERO 0"
"67a38b68d880","V0_D_leadsq","(96,-)","96","4","pass","reject","44","3988","3","False","0.0","common zero of (P_x,P_y): HAS_COMMON_ZERO 0"
"dc13b269558a","V0_E_leadcube","(96,-)","96","7","pass","reject","13","2422","4","False","0.0","common zero of (P_x,P_y): HAS_COMMON_ZERO 0"
"03886f905c30","V0_E_leadcube","(96,-)","96","5","pass","reject","9","1011","4","False","0.0","common zero of (P_x,P_y): HAS_COMMON_ZERO 0"
"955434bb4647","V0_E_leadcube","(96,-)","96","6","pass","reject","27","3828","4","False","0.0","common zero of (P_x,P_y): HAS_COMMON_ZERO 0"
"852a58f008d5","V0_E_leadcube","(96,-)","96","5","pass","reject","9","1015","4","False","0.0","common zero of (P_x,P_y): HAS_COMMON_ZERO 0"
"8743dd0877f1","V0_E_leadcube","(96,-)","96","12","pass","reject","24","3147","10","False","0.1","common zero of (P_x,P_y): HAS_COMMON_ZERO 0"
"06f912c99bed","V0_E_leadcube","(96,-)","96","13","pass","timeout","18","2753","10","False","90.1","singular_timeout"
"02579daa05f0","V0_A_rand_sparse_lin","(108,-)","108","4","pass","reject","2","1362","1","False","0.0","common zero of (P_x,P_y): HAS_COMMON_ZERO 0"
"491f8829b7b1","V0_A_rand_sparse_lin","(108,-)","108","6","pass","reject","2","3645","1","False","0.0","common zero of (P_x,P_y): HAS_COMMON_ZERO 0"
"8fd09a839061","V0_A_rand_sparse_lin","(108,-)","108","3","pass","reject","2","2206","1","False","0.0","common zero of (P_x,P_y): HAS_COMMON_ZERO 0"
"fd5048f68a64","V0_A_rand_sparse_lin","(108,-)","108","5","pass","reject","2","4167","1","False","0.0","common zero of (P_x,P_y): HAS_COMMON_ZERO 0"
"27177513f5ef","V0_A_rand_sparse_lin","(108,-)","108","3","pass","reject","2","1566","1","False","0.0","common zero of (P_x,P_y): HAS_COMMON_ZERO 0"
"6b274c42d9fa","V0_A_rand_sparse_lin","(108,-)","108","7","pass","timeout","2","2149","1","False","90.2","singular_timeout"
"f22d67260b8e","V0_A_rand_sparse_lin","(108,-)","108","3","pass","reject","2","1859","1","False","0.0","common zero of (P_x,P_y): HAS_COMMON_ZERO 0"
"25c53ac74cb7","V0_A_rand_sparse_lin","(108,-)","108","3","pass","reject","2","3482","1","False","0.0","common zero of (P_x,P_y): HAS_COMMON_ZERO 0"
"8062e58cca09","V0_B_rand_sparse_nolin","(108,-)","108","6","reject","not_run","2","3006","1","False","0.0","short-circuited by S2"
"08fe14d7720a","V0_B_rand_sparse_nolin","(108,-)","108","5","reject","not_run","52","3602","2","False","0.0","short-circuited by S2"
"290f6b754b36","V0_B_rand_sparse_nolin","(108,-)","108","8","reject","not_run","2","2818","1","False","0.0","short-circuited by S2"
"74a89b5ebeb4","V0_B_rand_sparse_nolin","(108,-)","108","3","reject","not_run","2","2599","1","False","0.0","short-circuited by S2"
"c2f7d911eb7d","V0_C_struct_x","(108,-)","108","5","pass","timeout","2","21","1","False","90.1","singular_timeout"
"393be222c29c","V0_C_struct_x","(108,-)","108","3","pass","pass","2","42","1","True","0.0","1 in (P_x,P_y) over Q"
"682706856007","V0_C_struct_x","(108,-)","108","3","pass","pass","2","0","1","True","0.0","1 in (P_x,P_y) over Q"
"14efba30d718","V0_C_struct_x","(108,-)","108","3","pass","pass","2","48","1","True","0.0","1 in (P_x,P_y) over Q"
"041d4548bcf4","V0_C_struct_x","(108,-)","108","3","pass","reject","2","15","1","False","0.0","common zero of (P_x,P_y): HAS_COMMON_ZERO 0"
"8881e70ece05","V0_C_struct_x","(108,-)","108","3","pass","reject","2","20","1","False","0.0","common zero of (P_x,P_y): HAS_COMMON_ZERO 0"
"b07c088e7361","V0_D_leadsq","(108,-)","108","7","pass","reject","23","2270","6","False","0.0","common zero of (P_x,P_y): HAS_COMMON_ZERO 0"
"32969fbfcaaf","V0_D_leadsq","(108,-)","108","4","pass","reject","11","1002","3","False","0.0","common zero of (P_x,P_y): HAS_COMMON_ZERO 0"
"4b0168e86ca6","V0_D_leadsq","(108,-)","108","8","pass","timeout","20","2309","6","False","90.2","singular_timeout"
"3ebfa7289f13","V0_D_leadsq","(108,-)","108","6","pass","reject","11","3645","3","False","0.0","common zero of (P_x,P_y): HAS_COMMON_ZERO 0"
"600c260f769d","V0_D_leadsq","(108,-)","108","4","pass","reject","12","1072","3","False","0.0","common zero of (P_x,P_y): HAS_COMMON_ZERO 0"
"563018343cf2","V0_D_leadsq","(108,-)","108","8","pass","reject","45","4738","6","False","0.2","common zero of (P_x,P_y): HAS_COMMON_ZERO 0"
"353930b6090f","V0_D_leadsq","(108,-)","108","9","pass","timeout","28","2875","6","False","90.2","singular_timeout"
"65888f11683b","V0_D_leadsq","(108,-)","108","7","pass","reject","22","2162","6","False","0.0","common zero of (P_x,P_y): HAS_COMMON_ZERO 0"
"5a889a9d69d4","V0_E_leadcube","(108,-)","108","5","pass","reject","9","1131","4","False","0.0","common zero of (P_x,P_y): HAS_COMMON_ZERO 0"
"88c4316f3f46","V0_E_leadcube","(108,-)","108","13","pass","timeout","28","4185","10","False","90.1","singular_timeout"
"47828c7b4cff","V0_E_leadcube","(108,-)","108","7","pass","timeout","3","1427","4","False","90.2","singular_timeout"
"4917f0b1db53","V0_E_leadcube","(108,-)","108","11","pass","reject","25","3781","10","False","0.0","common zero of (P_x,P_y): HAS_COMMON_ZERO 0"
"fc5bcd9e2d8a","V0_E_leadcube","(108,-)","108","5","pass","reject","18","2571","4","False","0.0","common zero of (P_x,P_y): HAS_COMMON_ZERO 0"
"72fb79282a94","V0_E_leadcube","(108,-)","108","12","pass","reject","9","1131","10","False","1.8","common zero of (P_x,P_y): HAS_COMMON_ZERO 0"
"8f13f90ca978","V0_A_rand_sparse_lin","(126,-)","126","7","pass","reject","59","3801","2","False","0.1","common zero of (P_x,P_y): HAS_COMMON_ZERO 0"
"0c21fe37e9d7","V0_A_rand_sparse_lin","(126,-)","126","6","pass","reject","2","5053","1","False","0.0","common zero of (P_x,P_y): HAS_COMMON_ZERO 0"
"0c451b90af19","V0_A_rand_sparse_lin","(126,-)","126","4","pass","reject","2","1584","1","False","0.0","common zero of (P_x,P_y): HAS_COMMON_ZERO 0"
"ba220eca63b7","V0_A_rand_sparse_lin","(126,-)","126","8","pass","reject","2","4628","1","False","0.0","common zero of (P_x,P_y): HAS_COMMON_ZERO 0"
"6fecb4bfec0d","V0_A_rand_sparse_lin","(126,-)","126","6","pass","reject","2","4540","1","False","0.0","common zero of (P_x,P_y): HAS_COMMON_ZERO 0"
"2abb679e9346","V0_A_rand_sparse_lin","(126,-)","126","5","pass","reject","2","2024","1","False","0.0","common zero of (P_x,P_y): HAS_COMMON_ZERO 0"
"9d25cdca835b","V0_A_rand_sparse_lin","(126,-)","126","7","pass","reject","102","6250","2","False","0.1","common zero of (P_x,P_y): HAS_COMMON_ZERO 0"
"15ed09baa811","V0_A_rand_sparse_lin","(126,-)","126","3","pass","reject","2","3648","1","False","0.0","common zero of (P_x,P_y): HAS_COMMON_ZERO 0"
"7bf3a2d17218","V0_B_rand_sparse_nolin","(126,-)","126","5","reject","not_run","2","2714","1","False","0.0","short-circuited by S2"
"7f3ca302a2ff","V0_B_rand_sparse_nolin","(126,-)","126","3","reject","not_run","2","396","1","False","0.0","short-circuited by S2"
"9e44a32c5622","V0_B_rand_sparse_nolin","(126,-)","126","8","reject","not_run","48","4875","2","False","0.0","short-circuited by S2"
"149632a804d8","V0_B_rand_sparse_nolin","(126,-)","126","3","reject","not_run","2","1628","1","False","0.0","short-circuited by S2"
"916512490585","V0_C_struct_x","(126,-)","126","3","pass","reject","2","55","1","False","0.0","common zero of (P_x,P_y): HAS_COMMON_ZERO 0"
"afb0d7e87109","V0_C_struct_x","(126,-)","126","3","pass","reject","2","85","1","False","0.0","common zero of (P_x,P_y): HAS_COMMON_ZERO 0"
"e23bdf538aa0","V0_C_struct_x","(126,-)","126","4","pass","reject","2","38","1","False","0.0","common zero of (P_x,P_y): HAS_COMMON_ZERO 0"
"cce6d556a80d","V0_C_struct_x","(126,-)","126","4","pass","reject","2","35","1","False","0.0","common zero of (P_x,P_y): HAS_COMMON_ZERO 0"
"4841b4a09873","V0_C_struct_x","(126,-)","126","4","pass","reject","2","92","1","False","0.0","common zero of (P_x,P_y): HAS_COMMON_ZERO 0"
"690845e9e416","V0_C_struct_x","(126,-)","126","4","pass","reject","2","36","1","False","0.0","common zero of (P_x,P_y): HAS_COMMON_ZERO 0"
"2ececbc62ee1","V0_D_leadsq","(126,-)","126","8","pass","reject","20","2634","6","False","3.6","common zero of (P_x,P_y): HAS_COMMON_ZERO 0"
"9bbb9cfe23e2","V0_D_leadsq","(126,-)","126","4","pass","reject","3","176","3","False","0.0","common zero of (P_x,P_y): HAS_COMMON_ZERO 0"
"ee01f3394962","V0_D_leadsq","(126,-)","126","9","pass","reject","48","5753","6","False","0.3","common zero of (P_x,P_y): HAS_COMMON_ZERO 0"
"a1433244ee59","V0_D_leadsq","(126,-)","126","4","pass","reject","42","5011","3","False","0.0","common zero of (P_x,P_y): HAS_COMMON_ZERO 0"
"c14f96f2faf8","V0_D_leadsq","(126,-)","126","4","pass","reject","20","2267","3","False","0.0","common zero of (P_x,P_y): HAS_COMMON_ZERO 0"
"b163d7e052cd","V0_D_leadsq","(126,-)","126","9","pass","reject","31","4262","6","False","9.4","common zero of (P_x,P_y): HAS_COMMON_ZERO 0"
"0b9c49c48b0a","V0_D_leadsq","(126,-)","126","9","pass","reject","31","4457","6","False","5.9","common zero of (P_x,P_y): HAS_COMMON_ZERO 0"
"ca488a10407b","V0_D_leadsq","(126,-)","126","6","pass","reject","13","3288","3","False","0.0","common zero of (P_x,P_y): HAS_COMMON_ZERO 0"
"452d1a94a5f8","V0_E_leadcube","(126,-)","126","10","pass","reject","4","4320","7","False","1.2","common zero of (P_x,P_y): HAS_COMMON_ZERO 0"
"cf8de0221323","V0_E_leadcube","(126,-)","126","7","pass","reject","23","5792","4","False","0.0","common zero of (P_x,P_y): HAS_COMMON_ZERO 0"
"af74de5eaf81","V0_E_leadcube","(126,-)","126","12","pass","reject","37","6679","10","False","2.9","common zero of (P_x,P_y): HAS_COMMON_ZERO 0"
"4bf75e2a6727","V0_E_leadcube","(126,-)","126","13","pass","timeout","32","5625","10","False","90.1","singular_timeout"
"bb3b7a592720","V0_E_leadcube","(126,-)","126","6","pass","reject","12","2667","4","False","0.0","common zero of (P_x,P_y): HAS_COMMON_ZERO 0"
"e92addca7753","V0_E_leadcube","(126,-)","126","13","pass","timeout","18","6158","10","False","90.1","singular_timeout"
"dd9217cd9d69","V0_A_rand_sparse_lin","(4,-)","4","4","pass","reject","4","3","2","False","0.0","common zero of (P_x,P_y): HAS_COMMON_ZERO 0"
"bfd27e14c46e","V0_A_rand_sparse_lin","(4,-)","4","4","pass","pass","2","0","2","True","0.0","1 in (P_x,P_y) over Q"
"5f87472f89e8","V0_A_rand_sparse_lin","(4,-)","4","5","pass","reject","4","3","2","False","0.0","common zero of (P_x,P_y): HAS_COMMON_ZERO 0"
"5fdbeee00348","V0_A_rand_sparse_lin","(4,-)","4","3","pass","reject","2","0","2","False","0.0","common zero of (P_x,P_y): HAS_COMMON_ZERO 0"
"cefe31f92438","V0_B_rand_sparse_nolin","(4,-)","4","3","pass","reject","3","3","2","False","0.0","origin is a common zero of (P_x,P_y)"
"cae606293433","V0_B_rand_sparse_nolin","(4,-)","4","5","pass","reject","2","3","1","False","0.0","origin is a common zero of (P_x,P_y)"
"7d4c9c09c398","V0_C_struct_x","(4,-)","4","3","pass","reject","2","0","1","False","0.0","common zero of (P_x,P_y): HAS_COMMON_ZERO 0"
"1deacb524623","V0_C_struct_x","(4,-)","4","2","pass","pass","2","0","1","True","0.0","1 in (P_x,P_y) over Q"
"2d7036ed1562","V0_C_struct_x","(4,-)","4","3","reject","not_run","1","0","1","False","0.0","short-circuited by S2"
"ba0e3121612f","V0_D_leadsq","(4,-)","4","5","pass","reject","2","2","3","False","0.0","common zero of (P_x,P_y): HAS_COMMON_ZERO 0"
"a945977f9750","V0_D_leadsq","(4,-)","4","7","pass","reject","2","3","5","False","0.0","common zero of (P_x,P_y): HAS_COMMON_ZERO 0"
"a4012387e160","V0_F_coord","(4,-)","4","4","pass","pass","1","1","1","True","0.0","1 in (P_x,P_y) over Q"
"fbf00970ade6","V0_F_coord","(4,-)","4","4","pass","pass","1","1","1","True","0.0","1 in (P_x,P_y) over Q"
"eb6976b38508","V0_F_coord","(4,-)","4","2","pass","pass","1","0","1","True","0.0","1 in (P_x,P_y) over Q"
"fda82a4a51f5","V0_A_rand_sparse_lin","(6,-)","6","5","pass","reject","5","7","2","False","0.0","common zero of (P_x,P_y): HAS_COMMON_ZERO 0"
"d56054a4a721","V0_A_rand_sparse_lin","(6,-)","6","6","pass","reject","4","4","2","False","0.0","common zero of (P_x,P_y): HAS_COMMON_ZERO 0"
"96ac77eeca84","V0_A_rand_sparse_lin","(6,-)","6","6","pass","reject","5","9","3","False","0.0","common zero of (P_x,P_y): HAS_COMMON_ZERO 0"
"aae3ed6e058b","V0_A_rand_sparse_lin","(6,-)","6","3","pass","reject","4","5","2","False","0.0","common zero of (P_x,P_y): HAS_COMMON_ZERO 0"
"8a5edd3f9380","V0_B_rand_sparse_nolin","(6,-)","6","3","pass","reject","3","8","2","False","0.0","origin is a common zero of (P_x,P_y)"
"205c15b9a765","V0_B_rand_sparse_nolin","(6,-)","6","3","pass","reject","1","4","1","False","0.0","origin is a common zero of (P_x,P_y)"
"1886aa13d8d2","V0_C_struct_x","(6,-)","6","3","reject","not_run","1","0","1","False","0.0","short-circuited by S2"
"7d595c3bd034","V0_C_struct_x","(6,-)","6","3","pass","pass","1","0","1","True","0.0","1 in (P_x,P_y) over Q"
"8ba8b61b4912","V0_C_struct_x","(6,-)","6","3","pass","pass","2","0","1","True","0.0","1 in (P_x,P_y) over Q"
"f7c7d1040a6f","V0_D_leadsq","(6,-)","6","7","pass","reject","3","10","6","False","0.0","common zero of (P_x,P_y): HAS_COMMON_ZERO 0"
"9003122cddbe","V0_D_leadsq","(6,-)","6","6","pass","reject","3","8","5","False","0.0","common zero of (P_x,P_y): HAS_COMMON_ZERO 0"
"61e5d9be3802","V0_E_leadcube","(6,-)","6","9","pass","reject","2","10","7","False","0.0","common zero of (P_x,P_y): HAS_COMMON_ZERO 0"
"c7ef7ff498c3","V0_E_leadcube","(6,-)","6","9","pass","reject","2","10","7","False","0.0","common zero of (P_x,P_y): HAS_COMMON_ZERO 0"
"84d01285324b","V0_F_coord","(6,-)","6","5","pass","pass","1","4","1","True","0.0","1 in (P_x,P_y) over Q"
"2253023eddc1","V0_F_coord","(6,-)","6","5","pass","pass","1","4","1","True","0.0","1 in (P_x,P_y) over Q"
"6df7f7c0a35c","V0_F_coord","(6,-)","6","4","pass","pass","1","2","1","True","0.0","1 in (P_x,P_y) over Q"
"241c5be4e3a9","V0_F_coord","(6,-)","6","4","pass","pass","1","2","1","True","0.0","1 in (P_x,P_y) over Q"
"40c3553b8128","V0_F_coord","(6,-)","6","2","pass","pass","1","0","1","True","0.0","1 in (P_x,P_y) over Q"
"a7453fc17698","V0_A_rand_sparse_lin","(9,-)","9","3","pass","reject","1","0","1","False","0.0","common zero of (P_x,P_y): HAS_COMMON_ZERO 0"
"f3155112ffef","V0_A_rand_sparse_lin","(9,-)","9","8","pass","reject","1","28","1","False","0.0","common zero of (P_x,P_y): HAS_COMMON_ZERO 0"
"c52db8f146fc","V0_A_rand_sparse_lin","(9,-)","9","3","pass","reject","2","2","1","False","0.0","common zero of (P_x,P_y): HAS_COMMON_ZERO 0"
"a7bcb29aa639","V0_A_rand_sparse_lin","(9,-)","9","6","pass","reject","7","19","2","False","0.0","common zero of (P_x,P_y): HAS_COMMON_ZERO 0"
"bf5142acd681","V0_B_rand_sparse_nolin","(9,-)","9","6","pass","reject","2","27","2","False","0.0","origin is a common zero of (P_x,P_y)"
"0b91d1d8f2d5","V0_B_rand_sparse_nolin","(9,-)","9","3","reject","not_run","8","24","2","False","0.0","short-circuited by S2"
"90f3f2e06a85","V0_C_struct_x","(9,-)","9","5","pass","reject","2","3","1","False","0.0","common zero of (P_x,P_y): HAS_COMMON_ZERO 0"
"ad4d9b110acd","V0_C_struct_x","(9,-)","9","3","pass","pass","2","0","1","True","0.0","1 in (P_x,P_y) over Q"
"09f16d62383a","V0_C_struct_x","(9,-)","9","3","pass","reject","2","4","1","False","0.0","common zero of (P_x,P_y): HAS_COMMON_ZERO 0"
"8e6b7158ae4c","V0_E_leadcube","(9,-)","9","10","pass","reject","3","28","9","False","0.0","common zero of (P_x,P_y): HAS_COMMON_ZERO 0"
"048c2619e908","V0_E_leadcube","(9,-)","9","6","pass","reject","2","19","4","False","0.0","common zero of (P_x,P_y): HAS_COMMON_ZERO 0"
"5bf4f9822cd4","V0_F_coord","(9,-)","9","5","pass","pass","1","7","1","True","0.0","1 in (P_x,P_y) over Q"
"693586fd5f7e","V0_F_coord","(9,-)","9","5","pass","pass","1","7","1","True","0.0","1 in (P_x,P_y) over Q"
"d9103ff114e1","V0_F_coord","(9,-)","9","2","pass","pass","1","0","1","True","0.0","1 in (P_x,P_y) over Q"
